,cbsa,year,city,murder
0,19740,1960,"Denver,CO-Aurora,CO",840.0
1,19740,1961,"Denver,CO-Aurora,CO",760.0
2,19740,1962,"Denver,CO-Aurora,CO",520.0
3,19740,1963,"Denver,CO-Aurora,CO",640.0
4,19740,1964,"Denver,CO-Aurora,CO",760.0
5,19740,1965,"Denver,CO-Aurora,CO",640.0
6,19740,1966,"Denver,CO-Aurora,CO",1200.0
7,19740,1967,"Denver,CO-Aurora,CO",960.0
8,19740,1968,"Denver,CO-Aurora,CO",1560.0
9,19740,1969,"Denver,CO-Aurora,CO",1800.0
10,19740,1970,"Denver,CO-Aurora,CO",2000.0
11,19740,1971,"Denver,CO-Aurora,CO",1840.0
12,19740,1972,"Denver,CO-Aurora,CO",1760.0
13,19740,1973,"Denver,CO-Aurora,CO",1400.0
14,19740,1974,"Denver,CO-Aurora,CO",2120.0
15,19740,1975,"Denver,CO-Aurora,CO",1760.0
16,19740,1976,"Denver,CO-Aurora,CO",1320.0
17,19740,1977,"Denver,CO-Aurora,CO",2200.0
18,19740,1978,"Denver,CO-Aurora,CO",1680.0
19,19740,1979,"Denver,CO-Aurora,CO",2000.0
20,19740,1980,"Denver,CO-Aurora,CO",1800.0
21,19740,1981,"Denver,CO-Aurora,CO",1680.0
22,19740,1982,"Denver,CO-Aurora,CO",1600.0
23,19740,1983,"Denver,CO-Aurora,CO",1240.0
24,19740,1984,"Denver,CO-Aurora,CO",1000.0
25,19740,1985,"Denver,CO-Aurora,CO",1680.0
26,19740,1986,"Denver,CO-Aurora,CO",1360.0
27,19740,1987,"Denver,CO-Aurora,CO",1760.0
28,19740,1988,"Denver,CO-Aurora,CO",1760.0
29,19740,1989,"Denver,CO-Aurora,CO",2160.0
30,19740,1990,"Denver,CO-Aurora,CO",2680.0
31,19740,1991,"Denver,CO-Aurora,CO",3000.0
32,19740,1992,"Denver,CO-Aurora,CO",2240.0
33,19740,1993,"Denver,CO-Aurora,CO",2360.0
34,19740,1994,"Denver,CO-Aurora,CO",1680.0
35,19740,1995,"Denver,CO-Aurora,CO",1320.0
36,19740,1996,"Denver,CO-Aurora,CO",1800.0
37,19740,1997,"Denver,CO-Aurora,CO",1080.0
38,19740,1998,"Denver,CO-Aurora,CO",1560.0
39,19740,1999,"Denver,CO-Aurora,CO",640.0
40,19740,2000,"Denver,CO-Aurora,CO",1080.0
41,19740,2001,"Denver,CO-Aurora,CO",1040.0
42,19740,2002,"Denver,CO-Aurora,CO",800.0
43,19740,2003,"Denver,CO-Aurora,CO",1800.0
44,19740,2004,"Denver,CO-Aurora,CO",920.0
45,19740,2005,"Denver,CO-Aurora,CO",1040.0
46,19740,2006,"Denver,CO-Aurora,CO",1480.0
47,19740,2007,"Denver,CO-Aurora,CO",1520.0
48,19740,2008,"Denver,CO-Aurora,CO",1520.0
49,19740,2009,"Denver,CO-Aurora,CO",1520.0
50,19740,2010,"Denver,CO-Aurora,CO",2200.0
51,19124,1960,"Dallas,TX",128.0
52,19124,1961,"Dallas,TX",80.0
53,19124,1962,"Dallas,TX",152.0
54,19124,1963,"Dallas,TX",56.0
55,19124,1964,"Dallas,TX",72.0
56,19124,1965,"Dallas,TX",64.0
57,19124,1966,"Dallas,TX",136.0
58,19124,1967,"Dallas,TX",96.0
59,19124,1968,"Dallas,TX",120.0
60,19124,1969,"Dallas,TX",152.0
61,19124,1970,"Dallas,TX",160.0
62,19124,1971,"Dallas,TX",160.0
63,19124,1972,"Dallas,TX",168.0
64,19124,1973,"Dallas,TX",248.0
65,19124,1974,"Dallas,TX",368.0
66,19124,1975,"Dallas,TX",280.0
67,19124,1976,"Dallas,TX",240.0
68,19124,1977,"Dallas,TX",224.0
69,19124,1978,"Dallas,TX",240.0
70,19124,1979,"Dallas,TX",224.0
71,19124,1980,"Dallas,TX",360.0
72,19124,1981,"Dallas,TX",384.0
73,19124,1982,"Dallas,TX",368.0
74,19124,1983,"Dallas,TX",384.0
75,19124,1984,"Dallas,TX",304.0
76,19124,1985,"Dallas,TX",320.0
77,19124,1986,"Dallas,TX",240.0
78,19124,1987,"Dallas,TX",288.0
79,19124,1988,"Dallas,TX",344.0
80,19124,1989,"Dallas,TX",424.0
81,19124,1990,"Dallas,TX",384.0
82,19124,1991,"Dallas,TX",440.0
83,19124,1992,"Dallas,TX",360.0
84,19124,1993,"Dallas,TX",336.0
85,19124,1994,"Dallas,TX",344.0
86,19124,1995,"Dallas,TX",240.0
87,19124,1996,"Dallas,TX",328.0
88,19124,1997,"Dallas,TX",200.0
89,19124,1998,"Dallas,TX",304.0
90,19124,1999,"Dallas,TX",176.0
91,19124,2000,"Dallas,TX",264.0
92,19124,2001,"Dallas,TX",264.0
93,19124,2002,"Dallas,TX",152.0
94,19124,2003,"Dallas,TX",248.0
95,19124,2004,"Dallas,TX",96.0
96,19124,2005,"Dallas,TX",272.0
97,19124,2006,"Dallas,TX",224.0
98,19124,2007,"Dallas,TX",576.0
99,19124,2008,"Dallas,TX",472.0
100,19124,2009,"Dallas,TX",120.0
101,19124,2010,"Dallas,TX",176.0
102,17140,1960,"Cincinnati,OH",705.0
103,17140,1961,"Cincinnati,OH",900.0
104,17140,1962,"Cincinnati,OH",930.0
105,17140,1963,"Cincinnati,OH",870.0
106,17140,1964,"Cincinnati,OH",930.0
107,17140,1965,"Cincinnati,OH",975.0
108,17140,1966,"Cincinnati,OH",1260.0
109,17140,1967,"Cincinnati,OH",1515.0
110,17140,1968,"Cincinnati,OH",1230.0
111,17140,1969,"Cincinnati,OH",1635.0
112,17140,1970,"Cincinnati,OH",1575.0
113,17140,1971,"Cincinnati,OH",2265.0
114,17140,1972,"Cincinnati,OH",2070.0
115,17140,1973,"Cincinnati,OH",2085.0
116,17140,1974,"Cincinnati,OH",2340.0
117,17140,1975,"Cincinnati,OH",2160.0
118,17140,1976,"Cincinnati,OH",2070.0
119,17140,1977,"Cincinnati,OH",2235.0
120,17140,1978,"Cincinnati,OH",2460.0
121,17140,1979,"Cincinnati,OH",2430.0
122,17140,1980,"Cincinnati,OH",2235.0
123,17140,1981,"Cincinnati,OH",2295.0
124,17140,1982,"Cincinnati,OH",1800.0
125,17140,1983,"Cincinnati,OH",1500.0
126,17140,1984,"Cincinnati,OH",1995.0
127,17140,1985,"Cincinnati,OH",2205.0
128,17140,1986,"Cincinnati,OH",2910.0
129,17140,1987,"Cincinnati,OH",2895.0
130,17140,1988,"Cincinnati,OH",2190.0
131,17140,1989,"Cincinnati,OH",2190.0
132,17140,1990,"Cincinnati,OH",2055.0
133,17140,1991,"Cincinnati,OH",2610.0
134,17140,1992,"Cincinnati,OH",2115.0
135,17140,1993,"Cincinnati,OH",2280.0
136,17140,1994,"Cincinnati,OH",1875.0
137,17140,1995,"Cincinnati,OH",2385.0
138,17140,1996,"Cincinnati,OH",2190.0
139,17140,1997,"Cincinnati,OH",1395.0
140,17140,1998,"Cincinnati,OH",1395.0
141,17140,1999,"Cincinnati,OH",1950.0
142,17140,2000,"Cincinnati,OH",1650.0
143,17140,2001,"Cincinnati,OH",2025.0
144,17140,2002,"Cincinnati,OH",2865.0
145,17140,2003,"Cincinnati,OH",2340.0
146,17140,2004,"Cincinnati,OH",2400.0
147,17140,2005,"Cincinnati,OH",2685.0
148,17140,2006,"Cincinnati,OH",2850.0
149,17140,2007,"Cincinnati,OH",2760.0
150,17140,2008,"Cincinnati,OH",3195.0
151,17140,2009,"Cincinnati,OH",2580.0
152,17140,2010,"Cincinnati,OH",2475.0
153,41180,1960,"SaintLouis,MO",357.0
154,41180,1961,"SaintLouis,MO",408.0
155,41180,1962,"SaintLouis,MO",391.0
156,41180,1963,"SaintLouis,MO",289.0
157,41180,1964,"SaintLouis,MO",408.0
158,41180,1965,"SaintLouis,MO",391.0
159,41180,1966,"SaintLouis,MO",374.0
160,41180,1967,"SaintLouis,MO",595.0
161,41180,1968,"SaintLouis,MO",527.0
162,41180,1969,"SaintLouis,MO",714.0
163,41180,1970,"SaintLouis,MO",714.0
164,41180,1971,"SaintLouis,MO",816.0
165,41180,1972,"SaintLouis,MO",799.0
166,41180,1973,"SaintLouis,MO",1241.0
167,41180,1974,"SaintLouis,MO",1666.0
168,41180,1975,"SaintLouis,MO",1207.0
169,41180,1976,"SaintLouis,MO",867.0
170,41180,1977,"SaintLouis,MO",1241.0
171,41180,1978,"SaintLouis,MO",1003.0
172,41180,1979,"SaintLouis,MO",1156.0
173,41180,1980,"SaintLouis,MO",952.0
174,41180,1981,"SaintLouis,MO",1462.0
175,41180,1982,"SaintLouis,MO",1751.0
176,41180,1983,"SaintLouis,MO",1377.0
177,41180,1984,"SaintLouis,MO",1360.0
178,41180,1985,"SaintLouis,MO",1241.0
179,41180,1986,"SaintLouis,MO",1462.0
180,41180,1987,"SaintLouis,MO",1683.0
181,41180,1988,"SaintLouis,MO",1649.0
182,41180,1989,"SaintLouis,MO",1785.0
183,41180,1990,"SaintLouis,MO",1751.0
184,41180,1991,"SaintLouis,MO",1819.0
185,41180,1992,"SaintLouis,MO",1751.0
186,41180,1993,"SaintLouis,MO",1496.0
187,41180,1994,"SaintLouis,MO",1428.0
188,41180,1995,"SaintLouis,MO",1326.0
189,41180,1996,"SaintLouis,MO",986.0
190,41180,1997,"SaintLouis,MO",1224.0
191,41180,1998,"SaintLouis,MO",1462.0
192,41180,1999,"SaintLouis,MO",918.0
193,41180,2000,"SaintLouis,MO",1105.0
194,41180,2001,"SaintLouis,MO",1207.0
195,41180,2002,"SaintLouis,MO",884.0
196,41180,2003,"SaintLouis,MO",2567.0
197,41180,2004,"SaintLouis,MO",2125.0
198,41180,2005,"SaintLouis,MO",2499.0
199,41180,2006,"SaintLouis,MO",2618.0
200,41180,2007,"SaintLouis,MO",4182.0
201,41180,2008,"SaintLouis,MO",3519.0
202,41180,2009,"SaintLouis,MO",2601.0
203,41180,2010,"SaintLouis,MO",2839.0
204,38300,2003,"Pittsburgh,PA",189.0
205,38300,2004,"Pittsburgh,PA",217.0
206,38300,2005,"Pittsburgh,PA",231.0
207,38300,2006,"Pittsburgh,PA",336.0
208,38300,2007,"Pittsburgh,PA",329.0
209,38300,2008,"Pittsburgh,PA",322.0
210,38300,2009,"Pittsburgh,PA",280.0
211,38300,2010,"Pittsburgh,PA",189.0
212,14484,1960,"Boston,MA",33.0
213,14484,1961,"Boston,MA",30.0
214,14484,1962,"Boston,MA",27.0
215,14484,1963,"Boston,MA",27.0
216,14484,1964,"Boston,MA",27.0
217,14484,1965,"Boston,MA",36.0
218,14484,1966,"Boston,MA",48.0
219,14484,1967,"Boston,MA",33.0
220,14484,1968,"Boston,MA",51.0
221,14484,1969,"Boston,MA",39.0
222,14484,1970,"Boston,MA",63.0
223,14484,1971,"Boston,MA",129.0
224,14484,1972,"Boston,MA",102.0
225,14484,1973,"Boston,MA",138.0
226,14484,1974,"Boston,MA",153.0
227,14484,1975,"Boston,MA",150.0
228,14484,1976,"Boston,MA",141.0
229,14484,1977,"Boston,MA",147.0
230,14484,1978,"Boston,MA",189.0
231,14484,1979,"Boston,MA",219.0
232,14484,1980,"Boston,MA",216.0
233,14484,1981,"Boston,MA",216.0
234,14484,1982,"Boston,MA",141.0
235,14484,1983,"Boston,MA",135.0
236,14484,1984,"Boston,MA",132.0
237,14484,1985,"Boston,MA",165.0
238,14484,1986,"Boston,MA",252.0
239,14484,1987,"Boston,MA",222.0
240,14484,1988,"Boston,MA",165.0
241,14484,1989,"Boston,MA",147.0
242,14484,1990,"Boston,MA",132.0
243,14484,1991,"Boston,MA",165.0
244,14484,1992,"Boston,MA",171.0
245,14484,1993,"Boston,MA",204.0
246,14484,1994,"Boston,MA",168.0
247,14484,1995,"Boston,MA",189.0
248,14484,1996,"Boston,MA",222.0
249,14484,1997,"Boston,MA",174.0
250,14484,1998,"Boston,MA",180.0
251,14484,1999,"Boston,MA",216.0
252,14484,2000,"Boston,MA",174.0
253,14484,2001,"Boston,MA",147.0
254,14484,2002,"Boston,MA",255.0
255,14484,2003,"Boston,MA",210.0
256,14484,2004,"Boston,MA",222.0
257,14484,2005,"Boston,MA",234.0
258,14484,2006,"Boston,MA",234.0
259,14484,2007,"Boston,MA",207.0
260,14484,2008,"Boston,MA",207.0
261,14484,2009,"Boston,MA",210.0
262,14484,2010,"Boston,MA",168.0
263,16740,1960,"Charlotte,NC",196.0
264,16740,1961,"Charlotte,NC",119.0
265,16740,1962,"Charlotte,NC",140.0
266,16740,1963,"Charlotte,NC",70.0
267,16740,1964,"Charlotte,NC",182.0
268,16740,1965,"Charlotte,NC",112.0
269,16740,1966,"Charlotte,NC",238.0
270,16740,1967,"Charlotte,NC",203.0
271,16740,1968,"Charlotte,NC",294.0
272,16740,1969,"Charlotte,NC",280.0
273,16740,1970,"Charlotte,NC",287.0
274,16740,1971,"Charlotte,NC",462.0
275,16740,1972,"Charlotte,NC",350.0
276,16740,1973,"Charlotte,NC",476.0
277,16740,1974,"Charlotte,NC",658.0
278,16740,1975,"Charlotte,NC",504.0
279,16740,1976,"Charlotte,NC",420.0
280,16740,1977,"Charlotte,NC",546.0
281,16740,1978,"Charlotte,NC",518.0
282,16740,1979,"Charlotte,NC",616.0
283,16740,1980,"Charlotte,NC",511.0
284,16740,1981,"Charlotte,NC",511.0
285,16740,1982,"Charlotte,NC",546.0
286,16740,1983,"Charlotte,NC",833.0
287,16740,1984,"Charlotte,NC",840.0
288,16740,1985,"Charlotte,NC",847.0
289,16740,1986,"Charlotte,NC",700.0
290,16740,1987,"Charlotte,NC",735.0
291,16740,1988,"Charlotte,NC",672.0
292,16740,1989,"Charlotte,NC",812.0
293,16740,1990,"Charlotte,NC",882.0
294,16740,1991,"Charlotte,NC",938.0
295,16740,1992,"Charlotte,NC",700.0
296,16740,1993,"Charlotte,NC",903.0
297,16740,1994,"Charlotte,NC",686.0
298,16740,1995,"Charlotte,NC",623.0
299,16740,1996,"Charlotte,NC",630.0
300,16740,1997,"Charlotte,NC",616.0
301,16740,1998,"Charlotte,NC",686.0
302,16740,1999,"Charlotte,NC",560.0
303,16740,2000,"Charlotte,NC",567.0
304,16740,2001,"Charlotte,NC",735.0
305,16740,2002,"Charlotte,NC",644.0
306,16740,2003,"Charlotte,NC",399.0
307,16740,2004,"Charlotte,NC",497.0
308,16740,2005,"Charlotte,NC",497.0
309,16740,2006,"Charlotte,NC",553.0
310,16740,2007,"Charlotte,NC",518.0
311,16740,2008,"Charlotte,NC",399.0
312,16740,2009,"Charlotte,NC",413.0
313,16740,2010,"Charlotte,NC",371.0
314,38900,1960,"Portland,OR",210.0
315,38900,1961,"Portland,OR",161.0
316,38900,1962,"Portland,OR",196.0
317,38900,1963,"Portland,OR",203.0
318,38900,1964,"Portland,OR",182.0
319,38900,1965,"Portland,OR",245.0
320,38900,1966,"Portland,OR",357.0
321,38900,1967,"Portland,OR",287.0
322,38900,1968,"Portland,OR",441.0
323,38900,1969,"Portland,OR",539.0
324,38900,1970,"Portland,OR",539.0
325,38900,1971,"Portland,OR",588.0
326,38900,1972,"Portland,OR",560.0
327,38900,1973,"Portland,OR",455.0
328,38900,1974,"Portland,OR",693.0
329,38900,1975,"Portland,OR",581.0
330,38900,1976,"Portland,OR",378.0
331,38900,1977,"Portland,OR",567.0
332,38900,1978,"Portland,OR",413.0
333,38900,1979,"Portland,OR",539.0
334,38900,1980,"Portland,OR",497.0
335,38900,1981,"Portland,OR",525.0
336,38900,1982,"Portland,OR",406.0
337,38900,1983,"Portland,OR",343.0
338,38900,1984,"Portland,OR",287.0
339,38900,1985,"Portland,OR",434.0
340,38900,1986,"Portland,OR",406.0
341,38900,1987,"Portland,OR",469.0
342,38900,1988,"Portland,OR",518.0
343,38900,1989,"Portland,OR",504.0
344,38900,1990,"Portland,OR",581.0
345,38900,1991,"Portland,OR",784.0
346,38900,1992,"Portland,OR",553.0
347,38900,1993,"Portland,OR",546.0
348,38900,1994,"Portland,OR",511.0
349,38900,1995,"Portland,OR",371.0
350,38900,1996,"Portland,OR",448.0
351,38900,1997,"Portland,OR",217.0
352,38900,1998,"Portland,OR",280.0
353,38900,1999,"Portland,OR",203.0
354,38900,2000,"Portland,OR",224.0
355,38900,2001,"Portland,OR",294.0
356,38900,2002,"Portland,OR",280.0
357,38900,2003,"Portland,OR",420.0
358,38900,2004,"Portland,OR",280.0
359,38900,2005,"Portland,OR",441.0
360,38900,2006,"Portland,OR",427.0
361,38900,2007,"Portland,OR",399.0
362,38900,2008,"Portland,OR",385.0
363,38900,2009,"Portland,OR",434.0
364,38900,2010,"Portland,OR",532.0
365,10740,1970,"Albuquerque,NM",0.0
366,10740,1971,"Albuquerque,NM",8.0
367,10740,1972,"Albuquerque,NM",0.0
368,10740,1973,"Albuquerque,NM",20.0
369,10740,1974,"Albuquerque,NM",16.0
370,10740,1975,"Albuquerque,NM",12.0
371,10740,1976,"Albuquerque,NM",8.0
372,10740,1977,"Albuquerque,NM",8.0
373,10740,1978,"Albuquerque,NM",8.0
374,10740,1979,"Albuquerque,NM",4.0
375,10740,1980,"Albuquerque,NM",16.0
376,10740,1981,"Albuquerque,NM",8.0
377,10740,1982,"Albuquerque,NM",16.0
378,10740,1983,"Albuquerque,NM",44.0
379,10740,1984,"Albuquerque,NM",76.0
380,10740,1985,"Albuquerque,NM",36.0
381,10740,1986,"Albuquerque,NM",84.0
382,10740,1987,"Albuquerque,NM",48.0
383,10740,1988,"Albuquerque,NM",104.0
384,10740,1989,"Albuquerque,NM",64.0
385,10740,1990,"Albuquerque,NM",68.0
386,10740,1991,"Albuquerque,NM",92.0
387,10740,1992,"Albuquerque,NM",8.0
388,10740,1993,"Albuquerque,NM",16.0
389,10740,1994,"Albuquerque,NM",28.0
390,10740,1995,"Albuquerque,NM",4.0
391,10740,1996,"Albuquerque,NM",8.0
392,10740,1997,"Albuquerque,NM",8.0
393,10740,1998,"Albuquerque,NM",0.0
394,10740,1999,"Albuquerque,NM",4.0
395,10740,2000,"Albuquerque,NM",52.0
396,10740,2001,"Albuquerque,NM",16.0
397,10740,2002,"Albuquerque,NM",36.0
398,10740,2003,"Albuquerque,NM",36.0
399,10740,2004,"Albuquerque,NM",48.0
400,10740,2005,"Albuquerque,NM",28.0
401,10740,2006,"Albuquerque,NM",32.0
402,10740,2007,"Albuquerque,NM",32.0
403,10740,2008,"Albuquerque,NM",32.0
404,10740,2009,"Albuquerque,NM",44.0
405,10740,2010,"Albuquerque,NM",20.0
406,41700,1960,"SanAntonio,TX",0.0
407,41700,1961,"SanAntonio,TX",32.0
408,41700,1962,"SanAntonio,TX",48.0
409,41700,1963,"SanAntonio,TX",8.0
410,41700,1964,"SanAntonio,TX",88.0
411,41700,1965,"SanAntonio,TX",56.0
412,41700,1966,"SanAntonio,TX",40.0
413,41700,1967,"SanAntonio,TX",96.0
414,41700,1968,"SanAntonio,TX",72.0
415,41700,1969,"SanAntonio,TX",56.0
416,41700,1970,"SanAntonio,TX",56.0
417,41700,1971,"SanAntonio,TX",96.0
418,41700,1972,"SanAntonio,TX",104.0
419,41700,1973,"SanAntonio,TX",88.0
420,41700,1974,"SanAntonio,TX",152.0
421,41700,1975,"SanAntonio,TX",128.0
422,41700,1976,"SanAntonio,TX",104.0
423,41700,1977,"SanAntonio,TX",136.0
424,41700,1978,"SanAntonio,TX",96.0
425,41700,1979,"SanAntonio,TX",144.0
426,41700,1980,"SanAntonio,TX",88.0
427,41700,1981,"SanAntonio,TX",240.0
428,41700,1982,"SanAntonio,TX",144.0
429,41700,1983,"SanAntonio,TX",424.0
430,41700,1984,"SanAntonio,TX",624.0
431,41700,1985,"SanAntonio,TX",488.0
432,41700,1986,"SanAntonio,TX",368.0
433,41700,1987,"SanAntonio,TX",408.0
434,41700,1988,"SanAntonio,TX",536.0
435,41700,1989,"SanAntonio,TX",408.0
436,41700,1990,"SanAntonio,TX",352.0
437,41700,1991,"SanAntonio,TX",424.0
438,41700,1992,"SanAntonio,TX",144.0
439,41700,1993,"SanAntonio,TX",464.0
440,41700,1994,"SanAntonio,TX",432.0
441,41700,1995,"SanAntonio,TX",336.0
442,41700,1996,"SanAntonio,TX",208.0
443,41700,1997,"SanAntonio,TX",320.0
444,41700,1998,"SanAntonio,TX",312.0
445,41700,1999,"SanAntonio,TX",296.0
446,41700,2000,"SanAntonio,TX",248.0
447,41700,2001,"SanAntonio,TX",344.0
448,41700,2002,"SanAntonio,TX",240.0
449,41700,2003,"SanAntonio,TX",48.0
450,41700,2004,"SanAntonio,TX",32.0
451,41700,2005,"SanAntonio,TX",48.0
452,41700,2006,"SanAntonio,TX",80.0
453,41700,2007,"SanAntonio,TX",112.0
454,41700,2008,"SanAntonio,TX",88.0
455,41700,2009,"SanAntonio,TX",64.0
456,41700,2010,"SanAntonio,TX",112.0
457,35084,1960,"JerseyCity,NJ-Paterson,NJ-Newark,NJ",108.0
458,35084,1961,"JerseyCity,NJ-Paterson,NJ-Newark,NJ",270.0
459,35084,1962,"JerseyCity,NJ-Paterson,NJ-Newark,NJ",432.0
460,35084,1963,"JerseyCity,NJ-Paterson,NJ-Newark,NJ",216.0
461,35084,1964,"JerseyCity,NJ-Paterson,NJ-Newark,NJ",1134.0
462,35084,1965,"JerseyCity,NJ-Paterson,NJ-Newark,NJ",594.0
463,35084,1966,"JerseyCity,NJ-Paterson,NJ-Newark,NJ",972.0
464,35084,1967,"JerseyCity,NJ-Paterson,NJ-Newark,NJ",1296.0
465,35084,1968,"JerseyCity,NJ-Paterson,NJ-Newark,NJ",810.0
466,35084,1969,"JerseyCity,NJ-Paterson,NJ-Newark,NJ",1188.0
467,35084,1970,"JerseyCity,NJ-Paterson,NJ-Newark,NJ",1566.0
468,35084,1971,"JerseyCity,NJ-Paterson,NJ-Newark,NJ",1728.0
469,35084,1972,"JerseyCity,NJ-Paterson,NJ-Newark,NJ",1458.0
470,35084,1973,"JerseyCity,NJ-Paterson,NJ-Newark,NJ",1782.0
471,35084,1974,"JerseyCity,NJ-Paterson,NJ-Newark,NJ",3186.0
472,35084,1975,"JerseyCity,NJ-Paterson,NJ-Newark,NJ",2214.0
473,35084,1976,"JerseyCity,NJ-Paterson,NJ-Newark,NJ",1890.0
474,35084,1977,"JerseyCity,NJ-Paterson,NJ-Newark,NJ",2592.0
475,35084,1978,"JerseyCity,NJ-Paterson,NJ-Newark,NJ",1890.0
476,35084,1979,"JerseyCity,NJ-Paterson,NJ-Newark,NJ",2160.0
477,35084,1980,"JerseyCity,NJ-Paterson,NJ-Newark,NJ",1620.0
478,35084,1981,"JerseyCity,NJ-Paterson,NJ-Newark,NJ",2700.0
479,35084,1982,"JerseyCity,NJ-Paterson,NJ-Newark,NJ",2646.0
480,35084,1983,"JerseyCity,NJ-Paterson,NJ-Newark,NJ",1890.0
481,35084,1984,"JerseyCity,NJ-Paterson,NJ-Newark,NJ",2916.0
482,35084,1985,"JerseyCity,NJ-Paterson,NJ-Newark,NJ",2862.0
483,35084,1986,"JerseyCity,NJ-Paterson,NJ-Newark,NJ",3456.0
484,35084,1987,"JerseyCity,NJ-Paterson,NJ-Newark,NJ",3294.0
485,35084,1988,"JerseyCity,NJ-Paterson,NJ-Newark,NJ",3672.0
486,35084,1989,"JerseyCity,NJ-Paterson,NJ-Newark,NJ",2592.0
487,35084,1990,"JerseyCity,NJ-Paterson,NJ-Newark,NJ",2700.0
488,35084,1991,"JerseyCity,NJ-Paterson,NJ-Newark,NJ",3618.0
489,35084,1992,"JerseyCity,NJ-Paterson,NJ-Newark,NJ",3240.0
490,35084,1993,"JerseyCity,NJ-Paterson,NJ-Newark,NJ",3078.0
491,35084,1994,"JerseyCity,NJ-Paterson,NJ-Newark,NJ",3726.0
492,35084,1995,"JerseyCity,NJ-Paterson,NJ-Newark,NJ",3996.0
493,35084,1996,"JerseyCity,NJ-Paterson,NJ-Newark,NJ",2214.0
494,35084,1997,"JerseyCity,NJ-Paterson,NJ-Newark,NJ",3510.0
495,35084,1998,"JerseyCity,NJ-Paterson,NJ-Newark,NJ",3186.0
496,35084,1999,"JerseyCity,NJ-Paterson,NJ-Newark,NJ",2916.0
497,35084,2000,"JerseyCity,NJ-Paterson,NJ-Newark,NJ",1944.0
498,35084,2001,"JerseyCity,NJ-Paterson,NJ-Newark,NJ",2430.0
499,35084,2002,"JerseyCity,NJ-Paterson,NJ-Newark,NJ",2754.0
500,35084,2003,"JerseyCity,NJ-Paterson,NJ-Newark,NJ",1944.0
501,35084,2004,"JerseyCity,NJ-Paterson,NJ-Newark,NJ",2268.0
502,35084,2005,"JerseyCity,NJ-Paterson,NJ-Newark,NJ",2754.0
503,35084,2006,"JerseyCity,NJ-Paterson,NJ-Newark,NJ",3024.0
504,35084,2007,"JerseyCity,NJ-Paterson,NJ-Newark,NJ",3996.0
505,35084,2008,"JerseyCity,NJ-Paterson,NJ-Newark,NJ",2214.0
506,35084,2009,"JerseyCity,NJ-Paterson,NJ-Newark,NJ",1998.0
507,35084,2010,"JerseyCity,NJ-Paterson,NJ-Newark,NJ",2538.0
508,41740,1960,"SanDiego,CA",112.0
509,41740,1961,"SanDiego,CA",97.0
510,41740,1962,"SanDiego,CA",123.0
511,41740,1963,"SanDiego,CA",141.0
512,41740,1964,"SanDiego,CA",157.0
513,41740,1965,"SanDiego,CA",149.0
514,41740,1966,"SanDiego,CA",186.0
515,41740,1967,"SanDiego,CA",211.0
516,41740,1968,"SanDiego,CA",253.0
517,41740,1969,"SanDiego,CA",244.0
518,41740,1970,"SanDiego,CA",248.0
519,41740,1971,"SanDiego,CA",322.0
520,41740,1972,"SanDiego,CA",349.0
521,41740,1973,"SanDiego,CA",300.0
522,41740,1974,"SanDiego,CA",342.0
523,41740,1975,"SanDiego,CA",300.0
524,41740,1976,"SanDiego,CA",194.0
525,41740,1977,"SanDiego,CA",170.0
526,41740,1978,"SanDiego,CA",224.0
527,41740,1979,"SanDiego,CA",272.0
528,41740,1980,"SanDiego,CA",248.0
529,41740,1981,"SanDiego,CA",216.0
530,41740,1982,"SanDiego,CA",265.0
531,41740,1983,"SanDiego,CA",236.0
532,41740,1984,"SanDiego,CA",245.0
533,41740,1985,"SanDiego,CA",219.0
534,41740,1986,"SanDiego,CA",252.0
535,41740,1987,"SanDiego,CA",278.0
536,41740,1988,"SanDiego,CA",276.0
537,41740,1989,"SanDiego,CA",291.0
538,41740,1990,"SanDiego,CA",326.0
539,41740,1991,"SanDiego,CA",335.0
540,41740,1992,"SanDiego,CA",354.0
541,41740,1993,"SanDiego,CA",361.0
542,41740,1994,"SanDiego,CA",351.0
543,41740,1995,"SanDiego,CA",364.0
544,41740,1996,"SanDiego,CA",364.0
545,41740,1997,"SanDiego,CA",315.0
546,41740,1998,"SanDiego,CA",341.0
547,41740,1999,"SanDiego,CA",46.0
548,41740,2000,"SanDiego,CA",292.0
549,41740,2001,"SanDiego,CA",278.0
550,41740,2002,"SanDiego,CA",292.0
551,41740,2003,"SanDiego,CA",310.0
552,41740,2004,"SanDiego,CA",298.0
553,41740,2005,"SanDiego,CA",307.0
554,41740,2006,"SanDiego,CA",322.0
555,41740,2007,"SanDiego,CA",317.0
556,41740,2008,"SanDiego,CA",270.0
557,41740,2009,"SanDiego,CA",276.0
558,41740,2010,"SanDiego,CA",252.0
559,34980,1960,"Nashville,TN",468.0
560,34980,1961,"Nashville,TN",728.0
561,34980,1962,"Nashville,TN",663.0
562,34980,1963,"Nashville,TN",689.0
563,34980,1964,"Nashville,TN",689.0
564,34980,1965,"Nashville,TN",689.0
565,34980,1966,"Nashville,TN",858.0
566,34980,1967,"Nashville,TN",1144.0
567,34980,1968,"Nashville,TN",936.0
568,34980,1969,"Nashville,TN",1326.0
569,34980,1970,"Nashville,TN",1183.0
570,34980,1971,"Nashville,TN",1690.0
571,34980,1972,"Nashville,TN",1482.0
572,34980,1973,"Nashville,TN",1417.0
573,34980,1974,"Nashville,TN",1521.0
574,34980,1975,"Nashville,TN",1287.0
575,34980,1976,"Nashville,TN",1365.0
576,34980,1977,"Nashville,TN",1365.0
577,34980,1978,"Nashville,TN",1534.0
578,34980,1979,"Nashville,TN",1352.0
579,34980,1980,"Nashville,TN",1300.0
580,34980,1981,"Nashville,TN",1131.0
581,34980,1982,"Nashville,TN",1144.0
582,34980,1983,"Nashville,TN",611.0
583,34980,1984,"Nashville,TN",1092.0
584,34980,1985,"Nashville,TN",1248.0
585,34980,1986,"Nashville,TN",1508.0
586,34980,1987,"Nashville,TN",1482.0
587,34980,1988,"Nashville,TN",1144.0
588,34980,1989,"Nashville,TN",1417.0
589,34980,1990,"Nashville,TN",1300.0
590,34980,1991,"Nashville,TN",1612.0
591,34980,1992,"Nashville,TN",1326.0
592,34980,1993,"Nashville,TN",1248.0
593,34980,1994,"Nashville,TN",1118.0
594,34980,1995,"Nashville,TN",1339.0
595,34980,1996,"Nashville,TN",1001.0
596,34980,1997,"Nashville,TN",598.0
597,34980,1998,"Nashville,TN",572.0
598,34980,1999,"Nashville,TN",845.0
599,34980,2000,"Nashville,TN",793.0
600,34980,2001,"Nashville,TN",1183.0
601,34980,2002,"Nashville,TN",1482.0
602,34980,2003,"Nashville,TN",1274.0
603,34980,2004,"Nashville,TN",1183.0
604,34980,2005,"Nashville,TN",1469.0
605,34980,2006,"Nashville,TN",1573.0
606,34980,2007,"Nashville,TN",1261.0
607,34980,2008,"Nashville,TN",1469.0
608,34980,2009,"Nashville,TN",1183.0
609,34980,2010,"Nashville,TN",1040.0
610,42644,1983,"Seattle,WA",22.0
611,42644,1984,"Seattle,WA",26.0
612,42644,1985,"Seattle,WA",14.0
613,42644,1986,"Seattle,WA",34.0
614,42644,1987,"Seattle,WA",18.0
615,42644,1988,"Seattle,WA",40.0
616,42644,1989,"Seattle,WA",28.0
617,42644,1990,"Seattle,WA",28.0
618,42644,1991,"Seattle,WA",34.0
619,31084,1984,"LosAngeles,CA",60.0
620,31084,1985,"LosAngeles,CA",52.0
621,31084,1986,"LosAngeles,CA",64.0
622,31084,1987,"LosAngeles,CA",56.0
623,31084,1988,"LosAngeles,CA",52.0
624,31084,1989,"LosAngeles,CA",40.0
625,31084,1990,"LosAngeles,CA",40.0
626,31084,1991,"LosAngeles,CA",100.0
627,31084,1992,"LosAngeles,CA",60.0
628,31084,1993,"LosAngeles,CA",72.0
629,31084,1994,"LosAngeles,CA",76.0
630,31084,1995,"LosAngeles,CA",108.0
631,31084,1996,"LosAngeles,CA",96.0
632,31084,1997,"LosAngeles,CA",92.0
633,31084,1998,"LosAngeles,CA",72.0
634,31084,1999,"LosAngeles,CA",72.0
635,31084,2000,"LosAngeles,CA",36.0
636,31084,2001,"LosAngeles,CA",36.0
637,31084,2002,"LosAngeles,CA",64.0
638,31084,2003,"LosAngeles,CA",0.0
639,31084,2004,"LosAngeles,CA",0.0
640,31084,2005,"LosAngeles,CA",0.0
641,31084,2006,"LosAngeles,CA",0.0
642,31084,2007,"LosAngeles,CA",8.0
643,31084,2008,"LosAngeles,CA",16.0
644,31084,2009,"LosAngeles,CA",0.0
645,31084,2010,"LosAngeles,CA",4.0
646,40380,1960,"Rochester,NY",700.0
647,40380,1961,"Rochester,NY",585.0
648,40380,1962,"Rochester,NY",680.0
649,40380,1963,"Rochester,NY",815.0
650,40380,1964,"Rochester,NY",885.0
651,40380,1965,"Rochester,NY",845.0
652,40380,1966,"Rochester,NY",1055.0
653,40380,1967,"Rochester,NY",1240.0
654,40380,1968,"Rochester,NY",1390.0
655,40380,1969,"Rochester,NY",1425.0
656,40380,1970,"Rochester,NY",1395.0
657,40380,1971,"Rochester,NY",1835.0
658,40380,1972,"Rochester,NY",2010.0
659,40380,1973,"Rochester,NY",1825.0
660,40380,1974,"Rochester,NY",2005.0
661,40380,1975,"Rochester,NY",1840.0
662,40380,1976,"Rochester,NY",1230.0
663,40380,1977,"Rochester,NY",1165.0
664,40380,1978,"Rochester,NY",1460.0
665,40380,1979,"Rochester,NY",1690.0
666,40380,1980,"Rochester,NY",1720.0
667,40380,1981,"Rochester,NY",1570.0
668,40380,1982,"Rochester,NY",1725.0
669,40380,1983,"Rochester,NY",1435.0
670,40380,1984,"Rochester,NY",1530.0
671,40380,1985,"Rochester,NY",1425.0
672,40380,1986,"Rochester,NY",1615.0
673,40380,1987,"Rochester,NY",1780.0
674,40380,1988,"Rochester,NY",1730.0
675,40380,1989,"Rochester,NY",1765.0
676,40380,1990,"Rochester,NY",2000.0
677,40380,1991,"Rochester,NY",2090.0
678,40380,1992,"Rochester,NY",2085.0
679,40380,1993,"Rochester,NY",2270.0
680,40380,1994,"Rochester,NY",2275.0
681,40380,1995,"Rochester,NY",2255.0
682,40380,1996,"Rochester,NY",2130.0
683,40380,1997,"Rochester,NY",1930.0
684,40380,1998,"Rochester,NY",2090.0
685,40380,1999,"Rochester,NY",510.0
686,40380,2000,"Rochester,NY",1720.0
687,40380,2001,"Rochester,NY",1650.0
688,40380,2002,"Rochester,NY",1735.0
689,40380,2003,"Rochester,NY",1845.0
690,40380,2004,"Rochester,NY",1780.0
691,40380,2005,"Rochester,NY",1940.0
692,40380,2006,"Rochester,NY",2060.0
693,40380,2007,"Rochester,NY",2015.0
694,40380,2008,"Rochester,NY",1880.0
695,40380,2009,"Rochester,NY",1900.0
696,40380,2010,"Rochester,NY",1810.0
697,33340,1960,"Milwaukee,WI",8.0
698,33340,1961,"Milwaukee,WI",16.0
699,33340,1962,"Milwaukee,WI",0.0
700,33340,1963,"Milwaukee,WI",4.0
701,33340,1964,"Milwaukee,WI",0.0
702,33340,1965,"Milwaukee,WI",4.0
703,33340,1966,"Milwaukee,WI",4.0
704,33340,1967,"Milwaukee,WI",0.0
705,33340,1968,"Milwaukee,WI",8.0
706,33340,1969,"Milwaukee,WI",12.0
707,33340,1970,"Milwaukee,WI",16.0
708,33340,1971,"Milwaukee,WI",20.0
709,33340,1972,"Milwaukee,WI",12.0
710,33340,1973,"Milwaukee,WI",20.0
711,33340,1974,"Milwaukee,WI",20.0
712,33340,1975,"Milwaukee,WI",8.0
713,33340,1976,"Milwaukee,WI",20.0
714,33340,1977,"Milwaukee,WI",4.0
715,33340,1978,"Milwaukee,WI",12.0
716,33340,1979,"Milwaukee,WI",16.0
717,33340,1980,"Milwaukee,WI",4.0
718,33340,1981,"Milwaukee,WI",32.0
719,33340,1982,"Milwaukee,WI",48.0
720,33340,1983,"Milwaukee,WI",32.0
721,33340,1984,"Milwaukee,WI",36.0
722,33340,1985,"Milwaukee,WI",36.0
723,33340,1986,"Milwaukee,WI",28.0
724,33340,1987,"Milwaukee,WI",36.0
725,33340,1988,"Milwaukee,WI",44.0
726,33340,1989,"Milwaukee,WI",48.0
727,33340,1990,"Milwaukee,WI",28.0
728,33340,1991,"Milwaukee,WI",16.0
729,33340,1992,"Milwaukee,WI",28.0
730,33340,1993,"Milwaukee,WI",16.0
731,33340,1994,"Milwaukee,WI",20.0
732,33340,1995,"Milwaukee,WI",40.0
733,33340,1996,"Milwaukee,WI",24.0
734,33340,1997,"Milwaukee,WI",24.0
735,33340,1998,"Milwaukee,WI",24.0
736,33340,1999,"Milwaukee,WI",20.0
737,33340,2000,"Milwaukee,WI",36.0
738,33340,2001,"Milwaukee,WI",28.0
739,33340,2002,"Milwaukee,WI",36.0
740,33340,2003,"Milwaukee,WI",48.0
741,33340,2004,"Milwaukee,WI",20.0
742,33340,2005,"Milwaukee,WI",32.0
743,33340,2006,"Milwaukee,WI",40.0
744,33340,2007,"Milwaukee,WI",44.0
745,33340,2008,"Milwaukee,WI",20.0
746,33340,2009,"Milwaukee,WI",40.0
747,33340,2010,"Milwaukee,WI",20.0
748,31140,1960,"Louisville,KY",286.0
749,31140,1961,"Louisville,KY",156.0
750,31140,1962,"Louisville,KY",247.0
751,31140,1963,"Louisville,KY",130.0
752,31140,1964,"Louisville,KY",429.0
753,31140,1965,"Louisville,KY",208.0
754,31140,1966,"Louisville,KY",390.0
755,31140,1967,"Louisville,KY",429.0
756,31140,1968,"Louisville,KY",702.0
757,31140,1969,"Louisville,KY",598.0
758,31140,1970,"Louisville,KY",611.0
759,31140,1971,"Louisville,KY",871.0
760,31140,1972,"Louisville,KY",572.0
761,31140,1973,"Louisville,KY",845.0
762,31140,1974,"Louisville,KY",975.0
763,31140,1975,"Louisville,KY",780.0
764,31140,1976,"Louisville,KY",689.0
765,31140,1977,"Louisville,KY",767.0
766,31140,1978,"Louisville,KY",676.0
767,31140,1979,"Louisville,KY",910.0
768,31140,1980,"Louisville,KY",637.0
769,31140,1981,"Louisville,KY",767.0
770,31140,1982,"Louisville,KY",819.0
771,31140,1983,"Louisville,KY",728.0
772,31140,1984,"Louisville,KY",884.0
773,31140,1985,"Louisville,KY",871.0
774,31140,1986,"Louisville,KY",845.0
775,31140,1987,"Louisville,KY",1014.0
776,31140,1988,"Louisville,KY",1001.0
777,31140,1989,"Louisville,KY",1079.0
778,31140,1990,"Louisville,KY",1196.0
779,31140,1991,"Louisville,KY",1183.0
780,31140,1992,"Louisville,KY",1131.0
781,31140,1993,"Louisville,KY",832.0
782,31140,1994,"Louisville,KY",754.0
783,31140,1995,"Louisville,KY",689.0
784,31140,1996,"Louisville,KY",832.0
785,31140,1997,"Louisville,KY",689.0
786,31140,1998,"Louisville,KY",676.0
787,31140,1999,"Louisville,KY",611.0
788,31140,2000,"Louisville,KY",559.0
789,31140,2001,"Louisville,KY",845.0
790,31140,2002,"Louisville,KY",767.0
791,31140,2003,"Louisville,KY",1950.0
792,31140,2004,"Louisville,KY",1885.0
793,31140,2005,"Louisville,KY",2041.0
794,31140,2006,"Louisville,KY",1950.0
795,31140,2007,"Louisville,KY",2262.0
796,31140,2008,"Louisville,KY",1820.0
797,31140,2009,"Louisville,KY",1742.0
798,31140,2010,"Louisville,KY",1586.0
799,27260,1981,"Jacksonville,FL",30.0
800,27260,1982,"Jacksonville,FL",45.0
801,27260,1983,"Jacksonville,FL",20.0
802,27260,1984,"Jacksonville,FL",10.0
803,27260,1985,"Jacksonville,FL",40.0
804,27260,1986,"Jacksonville,FL",35.0
805,27260,1987,"Jacksonville,FL",65.0
806,27260,1988,"Jacksonville,FL",50.0
807,27260,1989,"Jacksonville,FL",60.0
808,27260,1990,"Jacksonville,FL",40.0
809,27260,1991,"Jacksonville,FL",50.0
810,27260,1992,"Jacksonville,FL",55.0
811,27260,1993,"Jacksonville,FL",30.0
812,27260,1994,"Jacksonville,FL",65.0
813,27260,1995,"Jacksonville,FL",55.0
814,27260,1996,"Jacksonville,FL",45.0
815,27260,1997,"Jacksonville,FL",45.0
816,27260,1998,"Jacksonville,FL",35.0
817,27260,1999,"Jacksonville,FL",15.0
818,27260,2000,"Jacksonville,FL",55.0
819,27260,2001,"Jacksonville,FL",30.0
820,27260,2002,"Jacksonville,FL",25.0
821,27260,2003,"Jacksonville,FL",20.0
822,27260,2004,"Jacksonville,FL",35.0
823,27260,2005,"Jacksonville,FL",35.0
824,27260,2006,"Jacksonville,FL",20.0
825,27260,2007,"Jacksonville,FL",25.0
826,27260,2008,"Jacksonville,FL",15.0
827,27260,2009,"Jacksonville,FL",75.0
828,27260,2010,"Jacksonville,FL",35.0
829,13820,1960,"Birmingham,AL",861.0
830,13820,1961,"Birmingham,AL",721.0
831,13820,1962,"Birmingham,AL",980.0
832,13820,1963,"Birmingham,AL",1092.0
833,13820,1964,"Birmingham,AL",1197.0
834,13820,1965,"Birmingham,AL",1211.0
835,13820,1966,"Birmingham,AL",1512.0
836,13820,1967,"Birmingham,AL",1687.0
837,13820,1968,"Birmingham,AL",1960.0
838,13820,1969,"Birmingham,AL",1981.0
839,13820,1970,"Birmingham,AL",1988.0
840,13820,1971,"Birmingham,AL",2569.0
841,13820,1972,"Birmingham,AL",2751.0
842,13820,1973,"Birmingham,AL",2373.0
843,13820,1974,"Birmingham,AL",2821.0
844,13820,1975,"Birmingham,AL",2506.0
845,13820,1976,"Birmingham,AL",1575.0
846,13820,1977,"Birmingham,AL",1435.0
847,13820,1978,"Birmingham,AL",1743.0
848,13820,1979,"Birmingham,AL",2107.0
849,13820,1980,"Birmingham,AL",2002.0
850,13820,1981,"Birmingham,AL",1848.0
851,13820,1982,"Birmingham,AL",2002.0
852,13820,1983,"Birmingham,AL",1834.0
853,13820,1984,"Birmingham,AL",1897.0
854,13820,1985,"Birmingham,AL",1736.0
855,13820,1986,"Birmingham,AL",1988.0
856,13820,1987,"Birmingham,AL",2156.0
857,13820,1988,"Birmingham,AL",2191.0
858,13820,1989,"Birmingham,AL",2212.0
859,13820,1990,"Birmingham,AL",2471.0
860,13820,1991,"Birmingham,AL",2730.0
861,13820,1992,"Birmingham,AL",2695.0
862,13820,1993,"Birmingham,AL",2758.0
863,13820,1994,"Birmingham,AL",2702.0
864,13820,1995,"Birmingham,AL",2758.0
865,13820,1996,"Birmingham,AL",2772.0
866,13820,1997,"Birmingham,AL",2261.0
867,13820,1998,"Birmingham,AL",2450.0
868,13820,1999,"Birmingham,AL",518.0
869,13820,2000,"Birmingham,AL",2100.0
870,13820,2001,"Birmingham,AL",2135.0
871,13820,2002,"Birmingham,AL",2296.0
872,13820,2003,"Birmingham,AL",2317.0
873,13820,2004,"Birmingham,AL",2275.0
874,13820,2005,"Birmingham,AL",2457.0
875,13820,2006,"Birmingham,AL",2499.0
876,13820,2007,"Birmingham,AL",2562.0
877,13820,2008,"Birmingham,AL",2310.0
878,13820,2009,"Birmingham,AL",2254.0
879,13820,2010,"Birmingham,AL",2149.0
880,12580,1960,"Baltimore,MD",30.0
881,12580,1961,"Baltimore,MD",36.0
882,12580,1962,"Baltimore,MD",90.0
883,12580,1963,"Baltimore,MD",72.0
884,12580,1964,"Baltimore,MD",90.0
885,12580,1965,"Baltimore,MD",84.0
886,12580,1966,"Baltimore,MD",78.0
887,12580,1967,"Baltimore,MD",126.0
888,12580,1968,"Baltimore,MD",90.0
889,12580,1969,"Baltimore,MD",120.0
890,12580,1970,"Baltimore,MD",156.0
891,12580,1971,"Baltimore,MD",216.0
892,12580,1972,"Baltimore,MD",222.0
893,12580,1973,"Baltimore,MD",258.0
894,12580,1974,"Baltimore,MD",402.0
895,12580,1975,"Baltimore,MD",264.0
896,12580,1976,"Baltimore,MD",210.0
897,12580,1977,"Baltimore,MD",342.0
898,12580,1978,"Baltimore,MD",288.0
899,12580,1979,"Baltimore,MD",354.0
900,12580,1980,"Baltimore,MD",270.0
901,12580,1981,"Baltimore,MD",396.0
902,12580,1982,"Baltimore,MD",342.0
903,12580,1983,"Baltimore,MD",312.0
904,12580,1984,"Baltimore,MD",270.0
905,12580,1985,"Baltimore,MD",288.0
906,12580,1986,"Baltimore,MD",396.0
907,12580,1987,"Baltimore,MD",336.0
908,12580,1988,"Baltimore,MD",342.0
909,12580,1989,"Baltimore,MD",300.0
910,12580,1990,"Baltimore,MD",246.0
911,12580,1991,"Baltimore,MD",282.0
912,12580,1992,"Baltimore,MD",276.0
913,12580,1993,"Baltimore,MD",306.0
914,12580,1994,"Baltimore,MD",318.0
915,12580,1995,"Baltimore,MD",282.0
916,12580,1996,"Baltimore,MD",96.0
917,12580,1997,"Baltimore,MD",246.0
918,12580,1998,"Baltimore,MD",240.0
919,12580,1999,"Baltimore,MD",234.0
920,12580,2000,"Baltimore,MD",192.0
921,12580,2001,"Baltimore,MD",228.0
922,12580,2002,"Baltimore,MD",246.0
923,12580,2003,"Baltimore,MD",192.0
924,12580,2004,"Baltimore,MD",228.0
925,12580,2005,"Baltimore,MD",258.0
926,12580,2006,"Baltimore,MD",300.0
927,12580,2007,"Baltimore,MD",342.0
928,12580,2008,"Baltimore,MD",240.0
929,12580,2009,"Baltimore,MD",216.0
930,12580,2010,"Baltimore,MD",240.0
931,18140,1960,"Columbus,OH",16.0
932,18140,1961,"Columbus,OH",16.0
933,18140,1962,"Columbus,OH",32.0
934,18140,1963,"Columbus,OH",16.0
935,18140,1964,"Columbus,OH",24.0
936,18140,1965,"Columbus,OH",8.0
937,18140,1966,"Columbus,OH",40.0
938,18140,1967,"Columbus,OH",40.0
939,18140,1968,"Columbus,OH",56.0
940,18140,1969,"Columbus,OH",80.0
941,18140,1970,"Columbus,OH",80.0
942,18140,1971,"Columbus,OH",96.0
943,18140,1972,"Columbus,OH",104.0
944,18140,1973,"Columbus,OH",88.0
945,18140,1974,"Columbus,OH",144.0
946,18140,1975,"Columbus,OH",120.0
947,18140,1976,"Columbus,OH",112.0
948,18140,1977,"Columbus,OH",56.0
949,18140,1978,"Columbus,OH",136.0
950,18140,1979,"Columbus,OH",72.0
951,18140,1980,"Columbus,OH",96.0
952,18140,1981,"Columbus,OH",136.0
953,18140,1982,"Columbus,OH",80.0
954,18140,1983,"Columbus,OH",64.0
955,18140,1984,"Columbus,OH",152.0
956,18140,1985,"Columbus,OH",168.0
957,18140,1986,"Columbus,OH",176.0
958,18140,1987,"Columbus,OH",216.0
959,18140,1988,"Columbus,OH",152.0
960,18140,1989,"Columbus,OH",96.0
961,18140,1990,"Columbus,OH",80.0
962,18140,1991,"Columbus,OH",128.0
963,18140,1992,"Columbus,OH",128.0
964,18140,1993,"Columbus,OH",152.0
965,18140,1994,"Columbus,OH",120.0
966,18140,1995,"Columbus,OH",152.0
967,18140,1996,"Columbus,OH",112.0
968,18140,1997,"Columbus,OH",168.0
969,18140,1998,"Columbus,OH",168.0
970,18140,1999,"Columbus,OH",136.0
971,18140,2000,"Columbus,OH",128.0
972,18140,2001,"Columbus,OH",168.0
973,18140,2002,"Columbus,OH",176.0
974,18140,2003,"Columbus,OH",312.0
975,18140,2004,"Columbus,OH",360.0
976,18140,2005,"Columbus,OH",392.0
977,18140,2006,"Columbus,OH",472.0
978,18140,2007,"Columbus,OH",624.0
979,18140,2008,"Columbus,OH",752.0
980,18140,2009,"Columbus,OH",584.0
981,18140,2010,"Columbus,OH",512.0
982,41940,1960,"SanJose,CA",44.0
983,41940,1961,"SanJose,CA",26.0
984,41940,1962,"SanJose,CA",18.0
985,41940,1963,"SanJose,CA",40.0
986,41940,1964,"SanJose,CA",26.0
987,41940,1965,"SanJose,CA",28.0
988,41940,1966,"SanJose,CA",50.0
989,41940,1967,"SanJose,CA",52.0
990,41940,1968,"SanJose,CA",22.0
991,41940,1969,"SanJose,CA",50.0
992,41940,1970,"SanJose,CA",46.0
993,41940,1971,"SanJose,CA",62.0
994,41940,1972,"SanJose,CA",76.0
995,41940,1973,"SanJose,CA",68.0
996,41940,1974,"SanJose,CA",70.0
997,41940,1975,"SanJose,CA",92.0
998,41940,1976,"SanJose,CA",82.0
999,41940,1977,"SanJose,CA",88.0
1000,41940,1978,"SanJose,CA",106.0
1001,41940,1979,"SanJose,CA",106.0
1002,41940,1980,"SanJose,CA",160.0
1003,41940,1981,"SanJose,CA",150.0
1004,41940,1982,"SanJose,CA",110.0
1005,41940,1983,"SanJose,CA",78.0
1006,41940,1984,"SanJose,CA",72.0
1007,41940,1985,"SanJose,CA",108.0
1008,41940,1986,"SanJose,CA",96.0
1009,41940,1987,"SanJose,CA",116.0
1010,41940,1988,"SanJose,CA",114.0
1011,41940,1989,"SanJose,CA",86.0
1012,41940,1990,"SanJose,CA",104.0
1013,41940,1991,"SanJose,CA",116.0
1014,41940,1992,"SanJose,CA",90.0
1015,41940,1993,"SanJose,CA",140.0
1016,41940,1994,"SanJose,CA",176.0
1017,41940,1995,"SanJose,CA",134.0
1018,41940,1996,"SanJose,CA",90.0
1019,41940,1997,"SanJose,CA",104.0
1020,41940,1998,"SanJose,CA",106.0
1021,41940,1999,"SanJose,CA",94.0
1022,41940,2000,"SanJose,CA",70.0
1023,41940,2001,"SanJose,CA",70.0
1024,41940,2002,"SanJose,CA",86.0
1025,41940,2003,"SanJose,CA",86.0
1026,41940,2004,"SanJose,CA",96.0
1027,41940,2005,"SanJose,CA",134.0
1028,41940,2006,"SanJose,CA",124.0
1029,41940,2007,"SanJose,CA",96.0
1030,41940,2008,"SanJose,CA",110.0
1031,41940,2009,"SanJose,CA",134.0
1032,41940,2010,"SanJose,CA",124.0
1033,26900,1960,"Indianapolis,IN",230.0
1034,26900,1961,"Indianapolis,IN",270.0
1035,26900,1962,"Indianapolis,IN",190.0
1036,26900,1963,"Indianapolis,IN",180.0
1037,26900,1964,"Indianapolis,IN",250.0
1038,26900,1965,"Indianapolis,IN",240.0
1039,26900,1966,"Indianapolis,IN",320.0
1040,26900,1967,"Indianapolis,IN",310.0
1041,26900,1968,"Indianapolis,IN",490.0
1042,26900,1969,"Indianapolis,IN",550.0
1043,26900,1970,"Indianapolis,IN",570.0
1044,26900,1971,"Indianapolis,IN",590.0
1045,26900,1972,"Indianapolis,IN",580.0
1046,26900,1973,"Indianapolis,IN",460.0
1047,26900,1974,"Indianapolis,IN",670.0
1048,26900,1975,"Indianapolis,IN",560.0
1049,26900,1976,"Indianapolis,IN",460.0
1050,26900,1977,"Indianapolis,IN",670.0
1051,26900,1978,"Indianapolis,IN",520.0
1052,26900,1979,"Indianapolis,IN",720.0
1053,26900,1980,"Indianapolis,IN",520.0
1054,26900,1981,"Indianapolis,IN",790.0
1055,26900,1982,"Indianapolis,IN",640.0
1056,26900,1983,"Indianapolis,IN",520.0
1057,26900,1984,"Indianapolis,IN",460.0
1058,26900,1985,"Indianapolis,IN",550.0
1059,26900,1986,"Indianapolis,IN",530.0
1060,26900,1987,"Indianapolis,IN",700.0
1061,26900,1988,"Indianapolis,IN",750.0
1062,26900,1989,"Indianapolis,IN",840.0
1063,26900,1990,"Indianapolis,IN",810.0
1064,26900,1991,"Indianapolis,IN",880.0
1065,26900,1992,"Indianapolis,IN",810.0
1066,26900,1993,"Indianapolis,IN",840.0
1067,26900,1994,"Indianapolis,IN",760.0
1068,26900,1995,"Indianapolis,IN",560.0
1069,26900,1996,"Indianapolis,IN",550.0
1070,26900,1997,"Indianapolis,IN",390.0
1071,26900,1998,"Indianapolis,IN",510.0
1072,26900,1999,"Indianapolis,IN",310.0
1073,26900,2000,"Indianapolis,IN",510.0
1074,26900,2001,"Indianapolis,IN",430.0
1075,26900,2002,"Indianapolis,IN",360.0
1076,26900,2003,"Indianapolis,IN",610.0
1077,26900,2004,"Indianapolis,IN",360.0
1078,26900,2005,"Indianapolis,IN",390.0
1079,26900,2006,"Indianapolis,IN",570.0
1080,26900,2007,"Indianapolis,IN",630.0
1081,26900,2008,"Indianapolis,IN",540.0
1082,26900,2009,"Indianapolis,IN",610.0
1083,26900,2010,"Indianapolis,IN",740.0
1084,36420,1960,"OklahomaCity,OK",91.0
1085,36420,1961,"OklahomaCity,OK",133.0
1086,36420,1962,"OklahomaCity,OK",133.0
1087,36420,1963,"OklahomaCity,OK",147.0
1088,36420,1964,"OklahomaCity,OK",140.0
1089,36420,1965,"OklahomaCity,OK",182.0
1090,36420,1966,"OklahomaCity,OK",168.0
1091,36420,1967,"OklahomaCity,OK",231.0
1092,36420,1968,"OklahomaCity,OK",217.0
1093,36420,1969,"OklahomaCity,OK",182.0
1094,36420,1970,"OklahomaCity,OK",280.0
1095,36420,1971,"OklahomaCity,OK",322.0
1096,36420,1972,"OklahomaCity,OK",329.0
1097,36420,1973,"OklahomaCity,OK",336.0
1098,36420,1974,"OklahomaCity,OK",469.0
1099,36420,1975,"OklahomaCity,OK",357.0
1100,36420,1976,"OklahomaCity,OK",273.0
1101,36420,1977,"OklahomaCity,OK",399.0
1102,36420,1978,"OklahomaCity,OK",434.0
1103,36420,1979,"OklahomaCity,OK",378.0
1104,36420,1980,"OklahomaCity,OK",371.0
1105,36420,1981,"OklahomaCity,OK",448.0
1106,36420,1982,"OklahomaCity,OK",490.0
1107,36420,1983,"OklahomaCity,OK",392.0
1108,36420,1984,"OklahomaCity,OK",357.0
1109,36420,1985,"OklahomaCity,OK",413.0
1110,36420,1986,"OklahomaCity,OK",511.0
1111,36420,1987,"OklahomaCity,OK",448.0
1112,36420,1988,"OklahomaCity,OK",364.0
1113,36420,1989,"OklahomaCity,OK",483.0
1114,36420,1990,"OklahomaCity,OK",392.0
1115,36420,1991,"OklahomaCity,OK",399.0
1116,36420,1992,"OklahomaCity,OK",511.0
1117,36420,1993,"OklahomaCity,OK",350.0
1118,36420,1994,"OklahomaCity,OK",378.0
1119,36420,1995,"OklahomaCity,OK",427.0
1120,36420,1996,"OklahomaCity,OK",287.0
1121,36420,1997,"OklahomaCity,OK",385.0
1122,36420,1998,"OklahomaCity,OK",329.0
1123,36420,1999,"OklahomaCity,OK",280.0
1124,36420,2000,"OklahomaCity,OK",280.0
1125,36420,2001,"OklahomaCity,OK",329.0
1126,36420,2002,"OklahomaCity,OK",259.0
1127,36420,2003,"OklahomaCity,OK",273.0
1128,36420,2004,"OklahomaCity,OK",280.0
1129,36420,2005,"OklahomaCity,OK",392.0
1130,36420,2006,"OklahomaCity,OK",336.0
1131,36420,2007,"OklahomaCity,OK",462.0
1132,36420,2008,"OklahomaCity,OK",259.0
1133,36420,2009,"OklahomaCity,OK",308.0
1134,36420,2010,"OklahomaCity,OK",294.0
1135,37964,1960,"Philadelphia,PA",350.0
1136,37964,1961,"Philadelphia,PA",365.0
1137,37964,1962,"Philadelphia,PA",285.0
1138,37964,1963,"Philadelphia,PA",320.0
1139,37964,1964,"Philadelphia,PA",345.0
1140,37964,1965,"Philadelphia,PA",415.0
1141,37964,1966,"Philadelphia,PA",380.0
1142,37964,1967,"Philadelphia,PA",415.0
1143,37964,1968,"Philadelphia,PA",470.0
1144,37964,1969,"Philadelphia,PA",590.0
1145,37964,1970,"Philadelphia,PA",450.0
1146,37964,1971,"Philadelphia,PA",390.0
1147,37964,1972,"Philadelphia,PA",550.0
1148,37964,1973,"Philadelphia,PA",470.0
1149,37964,1974,"Philadelphia,PA",595.0
1150,37964,1983,"Philadelphia,PA",190.0
1151,37964,1984,"Philadelphia,PA",300.0
1152,37964,1985,"Philadelphia,PA",255.0
1153,37964,1986,"Philadelphia,PA",160.0
1154,37964,1987,"Philadelphia,PA",170.0
1155,37964,1988,"Philadelphia,PA",195.0
1156,37964,1989,"Philadelphia,PA",150.0
1157,37964,1990,"Philadelphia,PA",150.0
1158,37964,1991,"Philadelphia,PA",205.0
1159,37964,1993,"Philadelphia,PA",180.0
1160,37964,1994,"Philadelphia,PA",145.0
1161,37964,1995,"Philadelphia,PA",130.0
1162,37964,1996,"Philadelphia,PA",115.0
1163,37964,1997,"Philadelphia,PA",160.0
1164,37964,1998,"Philadelphia,PA",150.0
1165,37964,1999,"Philadelphia,PA",135.0
1166,37964,2000,"Philadelphia,PA",125.0
1167,37964,2001,"Philadelphia,PA",185.0
1168,37964,2002,"Philadelphia,PA",120.0
1169,37964,2003,"Philadelphia,PA",20.0
1170,37964,2004,"Philadelphia,PA",10.0
1171,37964,2005,"Philadelphia,PA",15.0
1172,37964,2006,"Philadelphia,PA",20.0
1173,37964,2007,"Philadelphia,PA",20.0
1174,37964,2008,"Philadelphia,PA",20.0
1175,37964,2009,"Philadelphia,PA",15.0
1176,37964,2010,"Philadelphia,PA",20.0
1177,46140,1981,"Tulsa,OK",14.0
1178,46140,1982,"Tulsa,OK",28.0
1179,46140,1983,"Tulsa,OK",21.0
1180,46140,1984,"Tulsa,OK",119.0
1181,46140,1985,"Tulsa,OK",105.0
1182,46140,1986,"Tulsa,OK",140.0
1183,46140,1987,"Tulsa,OK",105.0
1184,46140,1988,"Tulsa,OK",112.0
1185,46140,1989,"Tulsa,OK",91.0
1186,46140,1990,"Tulsa,OK",91.0
1187,46140,1991,"Tulsa,OK",182.0
1188,46140,1992,"Tulsa,OK",126.0
1189,46140,1993,"Tulsa,OK",133.0
1190,46140,1994,"Tulsa,OK",140.0
1191,46140,1995,"Tulsa,OK",217.0
1192,46140,1996,"Tulsa,OK",168.0
1193,46140,1997,"Tulsa,OK",168.0
1194,46140,1998,"Tulsa,OK",140.0
1195,46140,1999,"Tulsa,OK",133.0
1196,46140,2000,"Tulsa,OK",84.0
1197,46140,2001,"Tulsa,OK",84.0
1198,46140,2002,"Tulsa,OK",133.0
1199,46140,2003,"Tulsa,OK",63.0
1200,46140,2004,"Tulsa,OK",7.0
1201,46140,2005,"Tulsa,OK",63.0
1202,46140,2006,"Tulsa,OK",35.0
1203,46140,2007,"Tulsa,OK",497.0
1204,46140,2008,"Tulsa,OK",490.0
1205,46140,2009,"Tulsa,OK",126.0
1206,46140,2010,"Tulsa,OK",210.0
1207,47260,1960,"Norfolk,VA",912.0
1208,47260,1961,"Norfolk,VA",792.0
1209,47260,1962,"Norfolk,VA",1000.0
1210,47260,1963,"Norfolk,VA",1144.0
1211,47260,1964,"Norfolk,VA",1272.0
1212,47260,1965,"Norfolk,VA",1232.0
1213,47260,1966,"Norfolk,VA",1528.0
1214,47260,1967,"Norfolk,VA",1752.0
1215,47260,1968,"Norfolk,VA",2040.0
1216,47260,1969,"Norfolk,VA",2008.0
1217,47260,1970,"Norfolk,VA",2024.0
1218,47260,1971,"Norfolk,VA",2600.0
1219,47260,1972,"Norfolk,VA",2840.0
1220,47260,1973,"Norfolk,VA",2432.0
1221,47260,1974,"Norfolk,VA",2776.0
1222,47260,1975,"Norfolk,VA",2504.0
1223,47260,1976,"Norfolk,VA",1592.0
1224,47260,1977,"Norfolk,VA",1384.0
1225,47260,1978,"Norfolk,VA",1816.0
1226,47260,1979,"Norfolk,VA",2192.0
1227,47260,1980,"Norfolk,VA",2040.0
1228,47260,1981,"Norfolk,VA",1880.0
1229,47260,1982,"Norfolk,VA",2192.0
1230,47260,1983,"Norfolk,VA",2008.0
1231,47260,1984,"Norfolk,VA",2088.0
1232,47260,1985,"Norfolk,VA",1824.0
1233,47260,1986,"Norfolk,VA",2112.0
1234,47260,1987,"Norfolk,VA",2304.0
1235,47260,1988,"Norfolk,VA",2312.0
1236,47260,1989,"Norfolk,VA",2416.0
1237,47260,1990,"Norfolk,VA",2688.0
1238,47260,1991,"Norfolk,VA",2856.0
1239,47260,1992,"Norfolk,VA",3000.0
1240,47260,1993,"Norfolk,VA",3128.0
1241,47260,1994,"Norfolk,VA",2912.0
1242,47260,1995,"Norfolk,VA",3016.0
1243,47260,1996,"Norfolk,VA",3112.0
1244,47260,1997,"Norfolk,VA",2632.0
1245,47260,1998,"Norfolk,VA",2848.0
1246,47260,1999,"Norfolk,VA",512.0
1247,47260,2000,"Norfolk,VA",2440.0
1248,47260,2001,"Norfolk,VA",2312.0
1249,47260,2002,"Norfolk,VA",2464.0
1250,47260,2003,"Norfolk,VA",2504.0
1251,47260,2004,"Norfolk,VA",2432.0
1252,47260,2005,"Norfolk,VA",2472.0
1253,47260,2006,"Norfolk,VA",2592.0
1254,47260,2007,"Norfolk,VA",2560.0
1255,47260,2008,"Norfolk,VA",2200.0
1256,47260,2009,"Norfolk,VA",2256.0
1257,47260,2010,"Norfolk,VA",2064.0
1258,19780,1970,"DesMoines,IA",10.0
1259,19780,1971,"DesMoines,IA",35.0
1260,19780,1972,"DesMoines,IA",40.0
1261,19780,1973,"DesMoines,IA",15.0
1262,19780,1974,"DesMoines,IA",45.0
1263,19780,1975,"DesMoines,IA",10.0
1264,19780,1976,"DesMoines,IA",10.0
1265,19780,1977,"DesMoines,IA",5.0
1266,19780,1978,"DesMoines,IA",40.0
1267,19780,1979,"DesMoines,IA",40.0
1268,19780,1980,"DesMoines,IA",40.0
1269,19780,1981,"DesMoines,IA",155.0
1270,19780,1982,"DesMoines,IA",130.0
1271,19780,1983,"DesMoines,IA",80.0
1272,19780,1984,"DesMoines,IA",80.0
1273,19780,1985,"DesMoines,IA",65.0
1274,19780,1986,"DesMoines,IA",55.0
1275,19780,1987,"DesMoines,IA",65.0
1276,19780,1988,"DesMoines,IA",90.0
1277,19780,1989,"DesMoines,IA",70.0
1278,19780,1990,"DesMoines,IA",40.0
1279,19780,1991,"DesMoines,IA",55.0
1280,19780,1992,"DesMoines,IA",55.0
1281,19780,1993,"DesMoines,IA",30.0
1282,19780,1994,"DesMoines,IA",100.0
1283,19780,1995,"DesMoines,IA",70.0
1284,19780,1996,"DesMoines,IA",45.0
1285,19780,1997,"DesMoines,IA",40.0
1286,19780,1998,"DesMoines,IA",30.0
1287,19780,1999,"DesMoines,IA",45.0
1288,19780,2000,"DesMoines,IA",55.0
1289,19780,2001,"DesMoines,IA",55.0
1290,19780,2002,"DesMoines,IA",50.0
1291,19780,2003,"DesMoines,IA",50.0
1292,19780,2004,"DesMoines,IA",30.0
1293,19780,2005,"DesMoines,IA",20.0
1294,19780,2006,"DesMoines,IA",20.0
1295,19780,2007,"DesMoines,IA",20.0
1296,19780,2008,"DesMoines,IA",50.0
1297,19780,2009,"DesMoines,IA",0.0
1298,19780,2010,"DesMoines,IA",20.0
1299,38060,1960,"Phoenix,AZ-Mesa,AZ",0.0
1300,38060,1961,"Phoenix,AZ-Mesa,AZ",32.0
1301,38060,1962,"Phoenix,AZ-Mesa,AZ",48.0
1302,38060,1963,"Phoenix,AZ-Mesa,AZ",8.0
1303,38060,1964,"Phoenix,AZ-Mesa,AZ",88.0
1304,38060,1965,"Phoenix,AZ-Mesa,AZ",56.0
1305,38060,1966,"Phoenix,AZ-Mesa,AZ",40.0
1306,38060,1967,"Phoenix,AZ-Mesa,AZ",96.0
1307,38060,1968,"Phoenix,AZ-Mesa,AZ",72.0
1308,38060,1969,"Phoenix,AZ-Mesa,AZ",56.0
1309,38060,1970,"Phoenix,AZ-Mesa,AZ",56.0
1310,38060,1971,"Phoenix,AZ-Mesa,AZ",96.0
1311,38060,1972,"Phoenix,AZ-Mesa,AZ",104.0
1312,38060,1973,"Phoenix,AZ-Mesa,AZ",88.0
1313,38060,1974,"Phoenix,AZ-Mesa,AZ",152.0
1314,38060,1975,"Phoenix,AZ-Mesa,AZ",128.0
1315,38060,1976,"Phoenix,AZ-Mesa,AZ",104.0
1316,38060,1977,"Phoenix,AZ-Mesa,AZ",136.0
1317,38060,1978,"Phoenix,AZ-Mesa,AZ",96.0
1318,38060,1979,"Phoenix,AZ-Mesa,AZ",144.0
1319,38060,1980,"Phoenix,AZ-Mesa,AZ",88.0
1320,38060,1981,"Phoenix,AZ-Mesa,AZ",240.0
1321,38060,1982,"Phoenix,AZ-Mesa,AZ",144.0
1322,38060,1983,"Phoenix,AZ-Mesa,AZ",120.0
1323,38060,1984,"Phoenix,AZ-Mesa,AZ",144.0
1324,38060,1985,"Phoenix,AZ-Mesa,AZ",80.0
1325,38060,1986,"Phoenix,AZ-Mesa,AZ",112.0
1326,38060,1987,"Phoenix,AZ-Mesa,AZ",136.0
1327,38060,1988,"Phoenix,AZ-Mesa,AZ",224.0
1328,38060,1989,"Phoenix,AZ-Mesa,AZ",168.0
1329,38060,1990,"Phoenix,AZ-Mesa,AZ",112.0
1330,38060,1991,"Phoenix,AZ-Mesa,AZ",96.0
1331,38060,1992,"Phoenix,AZ-Mesa,AZ",144.0
1332,38060,1993,"Phoenix,AZ-Mesa,AZ",176.0
1333,38060,1994,"Phoenix,AZ-Mesa,AZ",200.0
1334,38060,1995,"Phoenix,AZ-Mesa,AZ",128.0
1335,38060,1996,"Phoenix,AZ-Mesa,AZ",24.0
1336,38060,1997,"Phoenix,AZ-Mesa,AZ",64.0
1337,38060,1998,"Phoenix,AZ-Mesa,AZ",72.0
1338,38060,1999,"Phoenix,AZ-Mesa,AZ",80.0
1339,38060,2000,"Phoenix,AZ-Mesa,AZ",48.0
1340,38060,2001,"Phoenix,AZ-Mesa,AZ",48.0
1341,38060,2002,"Phoenix,AZ-Mesa,AZ",48.0
1342,38060,2003,"Phoenix,AZ-Mesa,AZ",48.0
1343,38060,2004,"Phoenix,AZ-Mesa,AZ",32.0
1344,38060,2005,"Phoenix,AZ-Mesa,AZ",48.0
1345,38060,2006,"Phoenix,AZ-Mesa,AZ",80.0
1346,38060,2007,"Phoenix,AZ-Mesa,AZ",112.0
1347,38060,2008,"Phoenix,AZ-Mesa,AZ",88.0
1348,38060,2009,"Phoenix,AZ-Mesa,AZ",64.0
1349,38060,2010,"Phoenix,AZ-Mesa,AZ",112.0
1350,33460,1960,"SaintPaul,MN-Minneapolis,MN",1092.0
1351,33460,1961,"SaintPaul,MN-Minneapolis,MN",988.0
1352,33460,1962,"SaintPaul,MN-Minneapolis,MN",676.0
1353,33460,1963,"SaintPaul,MN-Minneapolis,MN",832.0
1354,33460,1964,"SaintPaul,MN-Minneapolis,MN",728.0
1355,33460,1965,"SaintPaul,MN-Minneapolis,MN",832.0
1356,33460,1966,"SaintPaul,MN-Minneapolis,MN",1352.0
1357,33460,1967,"SaintPaul,MN-Minneapolis,MN",988.0
1358,33460,1968,"SaintPaul,MN-Minneapolis,MN",1976.0
1359,33460,1969,"SaintPaul,MN-Minneapolis,MN",2340.0
1360,33460,1970,"SaintPaul,MN-Minneapolis,MN",2392.0
1361,33460,1971,"SaintPaul,MN-Minneapolis,MN",2704.0
1362,33460,1972,"SaintPaul,MN-Minneapolis,MN",2704.0
1363,33460,1973,"SaintPaul,MN-Minneapolis,MN",2080.0
1364,33460,1974,"SaintPaul,MN-Minneapolis,MN",3016.0
1365,33460,1975,"SaintPaul,MN-Minneapolis,MN",2548.0
1366,33460,1976,"SaintPaul,MN-Minneapolis,MN",2080.0
1367,33460,1977,"SaintPaul,MN-Minneapolis,MN",3484.0
1368,33460,1978,"SaintPaul,MN-Minneapolis,MN",2964.0
1369,33460,1979,"SaintPaul,MN-Minneapolis,MN",3640.0
1370,33460,1980,"SaintPaul,MN-Minneapolis,MN",3224.0
1371,33460,1981,"SaintPaul,MN-Minneapolis,MN",3588.0
1372,33460,1982,"SaintPaul,MN-Minneapolis,MN",3328.0
1373,33460,1983,"SaintPaul,MN-Minneapolis,MN",2808.0
1374,33460,1984,"SaintPaul,MN-Minneapolis,MN",2808.0
1375,33460,1985,"SaintPaul,MN-Minneapolis,MN",3640.0
1376,33460,1986,"SaintPaul,MN-Minneapolis,MN",4264.0
1377,33460,1987,"SaintPaul,MN-Minneapolis,MN",4836.0
1378,33460,1988,"SaintPaul,MN-Minneapolis,MN",3536.0
1379,33460,1989,"SaintPaul,MN-Minneapolis,MN",4732.0
1380,33460,1990,"SaintPaul,MN-Minneapolis,MN",5096.0
1381,33460,1991,"SaintPaul,MN-Minneapolis,MN",6240.0
1382,33460,1992,"SaintPaul,MN-Minneapolis,MN",5356.0
1383,33460,1993,"SaintPaul,MN-Minneapolis,MN",5408.0
1384,33460,1994,"SaintPaul,MN-Minneapolis,MN",4472.0
1385,33460,1995,"SaintPaul,MN-Minneapolis,MN",4264.0
1386,33460,1996,"SaintPaul,MN-Minneapolis,MN",4576.0
1387,33460,1997,"SaintPaul,MN-Minneapolis,MN",3588.0
1388,33460,1998,"SaintPaul,MN-Minneapolis,MN",3848.0
1389,33460,1999,"SaintPaul,MN-Minneapolis,MN",2600.0
1390,33460,2000,"SaintPaul,MN-Minneapolis,MN",3016.0
1391,33460,2001,"SaintPaul,MN-Minneapolis,MN",3068.0
1392,33460,2002,"SaintPaul,MN-Minneapolis,MN",3068.0
1393,33460,2003,"SaintPaul,MN-Minneapolis,MN",8736.0
1394,33460,2004,"SaintPaul,MN-Minneapolis,MN",6760.0
1395,33460,2005,"SaintPaul,MN-Minneapolis,MN",7332.0
1396,33460,2006,"SaintPaul,MN-Minneapolis,MN",7176.0
1397,33460,2007,"SaintPaul,MN-Minneapolis,MN",7852.0
1398,33460,2008,"SaintPaul,MN-Minneapolis,MN",7956.0
1399,33460,2009,"SaintPaul,MN-Minneapolis,MN",7748.0
1400,33460,2010,"SaintPaul,MN-Minneapolis,MN",8164.0
1401,17460,1960,"Cleveland,OH",30.0
1402,17460,1961,"Cleveland,OH",35.0
1403,17460,1962,"Cleveland,OH",20.0
1404,17460,1963,"Cleveland,OH",20.0
1405,17460,1964,"Cleveland,OH",45.0
1406,17460,1965,"Cleveland,OH",30.0
1407,17460,1966,"Cleveland,OH",5.0
1408,17460,1967,"Cleveland,OH",60.0
1409,17460,1968,"Cleveland,OH",75.0
1410,17460,1969,"Cleveland,OH",90.0
1411,17460,1970,"Cleveland,OH",65.0
1412,17460,1971,"Cleveland,OH",100.0
1413,17460,1972,"Cleveland,OH",90.0
1414,17460,1973,"Cleveland,OH",165.0
1415,17460,1974,"Cleveland,OH",145.0
1416,17460,1975,"Cleveland,OH",135.0
1417,17460,1976,"Cleveland,OH",105.0
1418,17460,1977,"Cleveland,OH",135.0
1419,17460,1978,"Cleveland,OH",90.0
1420,17460,1979,"Cleveland,OH",100.0
1421,17460,1980,"Cleveland,OH",105.0
1422,17460,1981,"Cleveland,OH",145.0
1423,17460,1982,"Cleveland,OH",145.0
1424,17460,1983,"Cleveland,OH",80.0
1425,17460,1984,"Cleveland,OH",150.0
1426,17460,1985,"Cleveland,OH",95.0
1427,17460,1986,"Cleveland,OH",140.0
1428,17460,1987,"Cleveland,OH",130.0
1429,17460,1988,"Cleveland,OH",100.0
1430,17460,1989,"Cleveland,OH",100.0
1431,17460,1990,"Cleveland,OH",130.0
1432,17460,1991,"Cleveland,OH",140.0
1433,17460,1992,"Cleveland,OH",145.0
1434,17460,1993,"Cleveland,OH",150.0
1435,17460,1994,"Cleveland,OH",120.0
1436,17460,1995,"Cleveland,OH",155.0
1437,17460,1996,"Cleveland,OH",110.0
1438,17460,1997,"Cleveland,OH",140.0
1439,17460,1998,"Cleveland,OH",170.0
1440,17460,1999,"Cleveland,OH",80.0
1441,17460,2000,"Cleveland,OH",105.0
1442,17460,2001,"Cleveland,OH",120.0
1443,17460,2002,"Cleveland,OH",120.0
1444,17460,2003,"Cleveland,OH",140.0
1445,17460,2004,"Cleveland,OH",100.0
1446,17460,2005,"Cleveland,OH",145.0
1447,17460,2006,"Cleveland,OH",205.0
1448,17460,2007,"Cleveland,OH",175.0
1449,17460,2008,"Cleveland,OH",110.0
1450,17460,2009,"Cleveland,OH",145.0
1451,17460,2010,"Cleveland,OH",145.0
1452,36540,1960,"Omaha,NE",48.0
1453,36540,1961,"Omaha,NE",56.0
1454,36540,1962,"Omaha,NE",32.0
1455,36540,1963,"Omaha,NE",16.0
1456,36540,1964,"Omaha,NE",56.0
1457,36540,1965,"Omaha,NE",48.0
1458,36540,1966,"Omaha,NE",0.0
1459,36540,1967,"Omaha,NE",88.0
1460,36540,1968,"Omaha,NE",112.0
1461,36540,1969,"Omaha,NE",128.0
1462,36540,1970,"Omaha,NE",64.0
1463,36540,1971,"Omaha,NE",192.0
1464,36540,1972,"Omaha,NE",200.0
1465,36540,1973,"Omaha,NE",328.0
1466,36540,1974,"Omaha,NE",312.0
1467,36540,1975,"Omaha,NE",264.0
1468,36540,1976,"Omaha,NE",184.0
1469,36540,1977,"Omaha,NE",296.0
1470,36540,1978,"Omaha,NE",280.0
1471,36540,1979,"Omaha,NE",264.0
1472,36540,1980,"Omaha,NE",304.0
1473,36540,1981,"Omaha,NE",496.0
1474,36540,1982,"Omaha,NE",440.0
1475,36540,1983,"Omaha,NE",320.0
1476,36540,1984,"Omaha,NE",368.0
1477,36540,1985,"Omaha,NE",240.0
1478,36540,1986,"Omaha,NE",416.0
1479,36540,1987,"Omaha,NE",328.0
1480,36540,1988,"Omaha,NE",192.0
1481,36540,1989,"Omaha,NE",296.0
1482,36540,1990,"Omaha,NE",312.0
1483,36540,1991,"Omaha,NE",336.0
1484,36540,1992,"Omaha,NE",304.0
1485,36540,1993,"Omaha,NE",360.0
1486,36540,1994,"Omaha,NE",280.0
1487,36540,1995,"Omaha,NE",328.0
1488,36540,1996,"Omaha,NE",184.0
1489,36540,1997,"Omaha,NE",264.0
1490,36540,1998,"Omaha,NE",288.0
1491,36540,1999,"Omaha,NE",200.0
1492,36540,2000,"Omaha,NE",248.0
1493,36540,2001,"Omaha,NE",256.0
1494,36540,2002,"Omaha,NE",272.0
1495,36540,2003,"Omaha,NE",504.0
1496,36540,2004,"Omaha,NE",464.0
1497,36540,2005,"Omaha,NE",480.0
1498,36540,2006,"Omaha,NE",744.0
1499,36540,2007,"Omaha,NE",600.0
1500,36540,2008,"Omaha,NE",672.0
1501,36540,2009,"Omaha,NE",552.0
1502,36540,2010,"Omaha,NE",456.0
1503,28140,1960,"KansasCity,KS-KansasCity,MO",3300.0
1504,28140,1961,"KansasCity,KS-KansasCity,MO",4260.0
1505,28140,1962,"KansasCity,KS-KansasCity,MO",4200.0
1506,28140,1963,"KansasCity,KS-KansasCity,MO",3960.0
1507,28140,1964,"KansasCity,KS-KansasCity,MO",4680.0
1508,28140,1965,"KansasCity,KS-KansasCity,MO",4260.0
1509,28140,1966,"KansasCity,KS-KansasCity,MO",5700.0
1510,28140,1967,"KansasCity,KS-KansasCity,MO",6840.0
1511,28140,1968,"KansasCity,KS-KansasCity,MO",6660.0
1512,28140,1969,"KansasCity,KS-KansasCity,MO",8580.0
1513,28140,1970,"KansasCity,KS-KansasCity,MO",8340.0
1514,28140,1971,"KansasCity,KS-KansasCity,MO",12360.0
1515,28140,1972,"KansasCity,KS-KansasCity,MO",11640.0
1516,28140,1973,"KansasCity,KS-KansasCity,MO",9780.0
1517,28140,1974,"KansasCity,KS-KansasCity,MO",12720.0
1518,28140,1975,"KansasCity,KS-KansasCity,MO",10260.0
1519,28140,1976,"KansasCity,KS-KansasCity,MO",10020.0
1520,28140,1977,"KansasCity,KS-KansasCity,MO",12540.0
1521,28140,1978,"KansasCity,KS-KansasCity,MO",11820.0
1522,28140,1979,"KansasCity,KS-KansasCity,MO",12900.0
1523,28140,1980,"KansasCity,KS-KansasCity,MO",10260.0
1524,28140,1981,"KansasCity,KS-KansasCity,MO",12180.0
1525,28140,1982,"KansasCity,KS-KansasCity,MO",10560.0
1526,28140,1983,"KansasCity,KS-KansasCity,MO",11940.0
1527,28140,1984,"KansasCity,KS-KansasCity,MO",15120.0
1528,28140,1985,"KansasCity,KS-KansasCity,MO",15480.0
1529,28140,1986,"KansasCity,KS-KansasCity,MO",15060.0
1530,28140,1987,"KansasCity,KS-KansasCity,MO",17100.0
1531,28140,1988,"KansasCity,KS-KansasCity,MO",12000.0
1532,28140,1989,"KansasCity,KS-KansasCity,MO",15360.0
1533,28140,1990,"KansasCity,KS-KansasCity,MO",14880.0
1534,28140,1991,"KansasCity,KS-KansasCity,MO",16560.0
1535,28140,1992,"KansasCity,KS-KansasCity,MO",12660.0
1536,28140,1993,"KansasCity,KS-KansasCity,MO",14220.0
1537,28140,1994,"KansasCity,KS-KansasCity,MO",12720.0
1538,28140,1995,"KansasCity,KS-KansasCity,MO",11880.0
1539,28140,1996,"KansasCity,KS-KansasCity,MO",9780.0
1540,28140,1997,"KansasCity,KS-KansasCity,MO",8100.0
1541,28140,1998,"KansasCity,KS-KansasCity,MO",8400.0
1542,28140,1999,"KansasCity,KS-KansasCity,MO",8880.0
1543,28140,2000,"KansasCity,KS-KansasCity,MO",8280.0
1544,28140,2001,"KansasCity,KS-KansasCity,MO",11460.0
1545,28140,2002,"KansasCity,KS-KansasCity,MO",12960.0
1546,28140,2003,"KansasCity,KS-KansasCity,MO",15780.0
1547,28140,2004,"KansasCity,KS-KansasCity,MO",16380.0
1548,28140,2005,"KansasCity,KS-KansasCity,MO",19860.0
1549,28140,2006,"KansasCity,KS-KansasCity,MO",20820.0
1550,28140,2007,"KansasCity,KS-KansasCity,MO",20100.0
1551,28140,2008,"KansasCity,KS-KansasCity,MO",18660.0
1552,28140,2009,"KansasCity,KS-KansasCity,MO",16980.0
1553,28140,2010,"KansasCity,KS-KansasCity,MO",21660.0
1554,41620,1970,"SaltLakeCity,UT",0.0
1555,41620,1971,"SaltLakeCity,UT",6.0
1556,41620,1972,"SaltLakeCity,UT",0.0
1557,41620,1973,"SaltLakeCity,UT",15.0
1558,41620,1974,"SaltLakeCity,UT",12.0
1559,41620,1975,"SaltLakeCity,UT",9.0
1560,41620,1976,"SaltLakeCity,UT",6.0
1561,41620,1977,"SaltLakeCity,UT",6.0
1562,41620,1978,"SaltLakeCity,UT",6.0
1563,41620,1979,"SaltLakeCity,UT",3.0
1564,41620,1980,"SaltLakeCity,UT",12.0
1565,41620,1981,"SaltLakeCity,UT",6.0
1566,41620,1982,"SaltLakeCity,UT",12.0
1567,41620,1983,"SaltLakeCity,UT",0.0
1568,41620,1984,"SaltLakeCity,UT",18.0
1569,41620,1985,"SaltLakeCity,UT",6.0
1570,41620,1986,"SaltLakeCity,UT",12.0
1571,41620,1987,"SaltLakeCity,UT",9.0
1572,41620,1988,"SaltLakeCity,UT",18.0
1573,41620,1989,"SaltLakeCity,UT",6.0
1574,41620,1990,"SaltLakeCity,UT",9.0
1575,41620,1991,"SaltLakeCity,UT",18.0
1576,41620,1992,"SaltLakeCity,UT",6.0
1577,41620,1993,"SaltLakeCity,UT",12.0
1578,41620,1994,"SaltLakeCity,UT",21.0
1579,41620,1995,"SaltLakeCity,UT",3.0
1580,41620,1996,"SaltLakeCity,UT",6.0
1581,41620,1997,"SaltLakeCity,UT",6.0
1582,41620,1998,"SaltLakeCity,UT",0.0
1583,41620,1999,"SaltLakeCity,UT",3.0
1584,41620,2000,"SaltLakeCity,UT",6.0
1585,41620,2001,"SaltLakeCity,UT",3.0
1586,41620,2002,"SaltLakeCity,UT",6.0
1587,41620,2003,"SaltLakeCity,UT",6.0
1588,41620,2004,"SaltLakeCity,UT",6.0
1589,41620,2005,"SaltLakeCity,UT",3.0
1590,41620,2006,"SaltLakeCity,UT",6.0
1591,41620,2007,"SaltLakeCity,UT",3.0
1592,41620,2008,"SaltLakeCity,UT",6.0
1593,41620,2009,"SaltLakeCity,UT",6.0
1594,41620,2010,"SaltLakeCity,UT",0.0
1595,39300,1960,"Providence,RI",54.0
1596,39300,1961,"Providence,RI",24.0
1597,39300,1962,"Providence,RI",90.0
1598,39300,1963,"Providence,RI",78.0
1599,39300,1964,"Providence,RI",72.0
1600,39300,1965,"Providence,RI",114.0
1601,39300,1966,"Providence,RI",150.0
1602,39300,1967,"Providence,RI",132.0
1603,39300,1968,"Providence,RI",150.0
1604,39300,1969,"Providence,RI",192.0
1605,39300,1970,"Providence,RI",186.0
1606,39300,1971,"Providence,RI",252.0
1607,39300,1972,"Providence,RI",228.0
1608,39300,1973,"Providence,RI",210.0
1609,39300,1974,"Providence,RI",336.0
1610,39300,1975,"Providence,RI",270.0
1611,39300,1976,"Providence,RI",156.0
1612,39300,1977,"Providence,RI",192.0
1613,39300,1978,"Providence,RI",132.0
1614,39300,1979,"Providence,RI",162.0
1615,39300,1980,"Providence,RI",186.0
1616,39300,1981,"Providence,RI",216.0
1617,39300,1982,"Providence,RI",126.0
1618,39300,1983,"Providence,RI",126.0
1619,39300,1984,"Providence,RI",120.0
1620,39300,1985,"Providence,RI",132.0
1621,39300,1986,"Providence,RI",162.0
1622,39300,1987,"Providence,RI",150.0
1623,39300,1988,"Providence,RI",198.0
1624,39300,1989,"Providence,RI",120.0
1625,39300,1990,"Providence,RI",144.0
1626,39300,1991,"Providence,RI",258.0
1627,39300,1992,"Providence,RI",138.0
1628,39300,1993,"Providence,RI",114.0
1629,39300,1994,"Providence,RI",186.0
1630,39300,1995,"Providence,RI",120.0
1631,39300,1996,"Providence,RI",114.0
1632,39300,1997,"Providence,RI",24.0
1633,39300,1998,"Providence,RI",6.0
1634,39300,1999,"Providence,RI",78.0
1635,39300,2000,"Providence,RI",30.0
1636,39300,2001,"Providence,RI",96.0
1637,39300,2002,"Providence,RI",120.0
1638,39300,2003,"Providence,RI",102.0
1639,39300,2004,"Providence,RI",132.0
1640,39300,2005,"Providence,RI",234.0
1641,39300,2006,"Providence,RI",180.0
1642,39300,2007,"Providence,RI",138.0
1643,39300,2008,"Providence,RI",120.0
1644,39300,2009,"Providence,RI",150.0
1645,39300,2010,"Providence,RI",144.0
1646,26420,1960,"Houston,TX",20.0
1647,26420,1961,"Houston,TX",50.0
1648,26420,1962,"Houston,TX",60.0
1649,26420,1963,"Houston,TX",70.0
1650,26420,1964,"Houston,TX",90.0
1651,26420,1965,"Houston,TX",100.0
1652,26420,1966,"Houston,TX",150.0
1653,26420,1967,"Houston,TX",150.0
1654,26420,1968,"Houston,TX",90.0
1655,26420,1969,"Houston,TX",60.0
1656,26420,1970,"Houston,TX",90.0
1657,26420,1971,"Houston,TX",160.0
1658,26420,1972,"Houston,TX",170.0
1659,26420,1973,"Houston,TX",120.0
1660,26420,1974,"Houston,TX",200.0
1661,26420,1975,"Houston,TX",100.0
1662,26420,1976,"Houston,TX",260.0
1663,26420,1977,"Houston,TX",250.0
1664,26420,1978,"Houston,TX",180.0
1665,26420,1979,"Houston,TX",150.0
1666,26420,1980,"Houston,TX",150.0
1667,26420,1981,"Houston,TX",60.0
1668,26420,1982,"Houston,TX",130.0
1669,26420,1983,"Houston,TX",1600.0
1670,26420,1984,"Houston,TX",1720.0
1671,26420,1985,"Houston,TX",1660.0
1672,26420,1986,"Houston,TX",2380.0
1673,26420,1987,"Houston,TX",1740.0
1674,26420,1988,"Houston,TX",1450.0
1675,26420,1989,"Houston,TX",1510.0
1676,26420,1990,"Houston,TX",1740.0
1677,26420,1991,"Houston,TX",2390.0
1678,26420,1992,"Houston,TX",1670.0
1679,26420,1993,"Houston,TX",1500.0
1680,26420,1994,"Houston,TX",1760.0
1681,26420,1995,"Houston,TX",1340.0
1682,26420,1996,"Houston,TX",960.0
1683,26420,1997,"Houston,TX",990.0
1684,26420,1998,"Houston,TX",990.0
1685,26420,1999,"Houston,TX",980.0
1686,26420,2000,"Houston,TX",830.0
1687,26420,2001,"Houston,TX",970.0
1688,26420,2002,"Houston,TX",800.0
1689,26420,2003,"Houston,TX",120.0
1690,26420,2004,"Houston,TX",90.0
1691,26420,2005,"Houston,TX",130.0
1692,26420,2006,"Houston,TX",100.0
1693,26420,2007,"Houston,TX",110.0
1694,26420,2008,"Houston,TX",150.0
1695,26420,2009,"Houston,TX",110.0
1696,26420,2010,"Houston,TX",150.0
1697,12060,1960,"Atlanta,GA",918.0
1698,12060,1961,"Atlanta,GA",864.0
1699,12060,1962,"Atlanta,GA",1053.0
1700,12060,1963,"Atlanta,GA",945.0
1701,12060,1964,"Atlanta,GA",1188.0
1702,12060,1965,"Atlanta,GA",1647.0
1703,12060,1966,"Atlanta,GA",1377.0
1704,12060,1967,"Atlanta,GA",1836.0
1705,12060,1968,"Atlanta,GA",1809.0
1706,12060,1969,"Atlanta,GA",1836.0
1707,12060,1970,"Atlanta,GA",2673.0
1708,12060,1971,"Atlanta,GA",2376.0
1709,12060,1972,"Atlanta,GA",2565.0
1710,12060,1973,"Atlanta,GA",2700.0
1711,12060,1974,"Atlanta,GA",3348.0
1712,12060,1975,"Atlanta,GA",3429.0
1713,12060,1976,"Atlanta,GA",2052.0
1714,12060,1977,"Atlanta,GA",2052.0
1715,12060,1978,"Atlanta,GA",2484.0
1716,12060,1979,"Atlanta,GA",2727.0
1717,12060,1980,"Atlanta,GA",2835.0
1718,12060,1981,"Atlanta,GA",3321.0
1719,12060,1982,"Atlanta,GA",2727.0
1720,12060,1983,"Atlanta,GA",3132.0
1721,12060,1984,"Atlanta,GA",3753.0
1722,12060,1985,"Atlanta,GA",3321.0
1723,12060,1986,"Atlanta,GA",3213.0
1724,12060,1987,"Atlanta,GA",3618.0
1725,12060,1988,"Atlanta,GA",3780.0
1726,12060,1989,"Atlanta,GA",4671.0
1727,12060,1990,"Atlanta,GA",4617.0
1728,12060,1991,"Atlanta,GA",5454.0
1729,12060,1992,"Atlanta,GA",4833.0
1730,12060,1993,"Atlanta,GA",6453.0
1731,12060,1994,"Atlanta,GA",5157.0
1732,12060,1995,"Atlanta,GA",4482.0
1733,12060,1996,"Atlanta,GA",3861.0
1734,12060,1997,"Atlanta,GA",4212.0
1735,12060,1998,"Atlanta,GA",4077.0
1736,12060,1999,"Atlanta,GA",3996.0
1737,12060,2000,"Atlanta,GA",4023.0
1738,12060,2001,"Atlanta,GA",3456.0
1739,12060,2002,"Atlanta,GA",3240.0
1740,12060,2003,"Atlanta,GA",3240.0
1741,12060,2004,"Atlanta,GA",3186.0
1742,12060,2005,"Atlanta,GA",3564.0
1743,12060,2006,"Atlanta,GA",3834.0
1744,12060,2007,"Atlanta,GA",5481.0
1745,12060,2008,"Atlanta,GA",5805.0
1746,12060,2009,"Atlanta,GA",3510.0
1747,12060,2010,"Atlanta,GA",3753.0
1748,19804,1981,"Detroit,MI",4.0
1749,19804,1982,"Detroit,MI",9.0
1750,19804,1983,"Detroit,MI",4.0
1751,19804,1984,"Detroit,MI",4.0
1752,19804,1985,"Detroit,MI",3.0
1753,19804,1986,"Detroit,MI",5.0
1754,19804,1987,"Detroit,MI",16.0
1755,19804,1988,"Detroit,MI",5.0
1756,19804,1989,"Detroit,MI",11.0
1757,19804,1990,"Detroit,MI",12.0
1758,19804,1991,"Detroit,MI",10.0
1759,19804,1992,"Detroit,MI",13.0
1760,19804,1993,"Detroit,MI",5.0
1761,19804,1994,"Detroit,MI",5.0
1762,19804,1995,"Detroit,MI",5.0
1763,19804,1996,"Detroit,MI",10.0
1764,19804,1997,"Detroit,MI",7.0
1765,19804,1998,"Detroit,MI",5.0
1766,19804,1999,"Detroit,MI",4.0
1767,19804,2000,"Detroit,MI",7.0
1768,19804,2001,"Detroit,MI",10.0
1769,19804,2002,"Detroit,MI",4.0
1770,19804,2003,"Detroit,MI",96.0
1771,19804,2004,"Detroit,MI",79.0
1772,19804,2005,"Detroit,MI",85.0
1773,19804,2006,"Detroit,MI",69.0
1774,19804,2007,"Detroit,MI",95.0
1775,19804,2008,"Detroit,MI",87.0
1776,19804,2009,"Detroit,MI",78.0
1777,19804,2010,"Detroit,MI",73.0
1778,35380,1960,"NewOrleans,LA",66.0
1779,35380,1961,"NewOrleans,LA",108.0
1780,35380,1962,"NewOrleans,LA",102.0
1781,35380,1963,"NewOrleans,LA",132.0
1782,35380,1964,"NewOrleans,LA",114.0
1783,35380,1965,"NewOrleans,LA",132.0
1784,35380,1966,"NewOrleans,LA",102.0
1785,35380,1967,"NewOrleans,LA",168.0
1786,35380,1968,"NewOrleans,LA",168.0
1787,35380,1969,"NewOrleans,LA",90.0
1788,35380,1970,"NewOrleans,LA",192.0
1789,35380,1971,"NewOrleans,LA",252.0
1790,35380,1972,"NewOrleans,LA",246.0
1791,35380,1973,"NewOrleans,LA",210.0
1792,35380,1974,"NewOrleans,LA",282.0
1793,35380,1975,"NewOrleans,LA",252.0
1794,35380,1976,"NewOrleans,LA",252.0
1795,35380,1977,"NewOrleans,LA",288.0
1796,35380,1978,"NewOrleans,LA",300.0
1797,35380,1979,"NewOrleans,LA",276.0
1798,35380,1980,"NewOrleans,LA",294.0
1799,35380,1981,"NewOrleans,LA",330.0
1800,35380,1982,"NewOrleans,LA",294.0
1801,35380,1983,"NewOrleans,LA",258.0
1802,35380,1984,"NewOrleans,LA",264.0
1803,35380,1985,"NewOrleans,LA",282.0
1804,35380,1986,"NewOrleans,LA",282.0
1805,35380,1987,"NewOrleans,LA",270.0
1806,35380,1988,"NewOrleans,LA",264.0
1807,35380,1989,"NewOrleans,LA",324.0
1808,35380,1990,"NewOrleans,LA",252.0
1809,35380,1991,"NewOrleans,LA",210.0
1810,35380,1992,"NewOrleans,LA",390.0
1811,35380,1993,"NewOrleans,LA",282.0
1812,35380,1994,"NewOrleans,LA",240.0
1813,35380,1995,"NewOrleans,LA",306.0
1814,35380,1996,"NewOrleans,LA",216.0
1815,35380,1997,"NewOrleans,LA",240.0
1816,35380,1998,"NewOrleans,LA",216.0
1817,35380,1999,"NewOrleans,LA",162.0
1818,35380,2000,"NewOrleans,LA",156.0
1819,35380,2001,"NewOrleans,LA",162.0
1820,35380,2002,"NewOrleans,LA",210.0
1821,35380,2003,"NewOrleans,LA",222.0
1822,35380,2004,"NewOrleans,LA",168.0
1823,35380,2005,"NewOrleans,LA",276.0
1824,35380,2006,"NewOrleans,LA",192.0
1825,35380,2007,"NewOrleans,LA",294.0
1826,35380,2008,"NewOrleans,LA",138.0
1827,35380,2009,"NewOrleans,LA",198.0
1828,35380,2010,"NewOrleans,LA",192.0
1829,16974,1960,"Aurora,IL-Chicago,IL",1900.0
1830,16974,1961,"Aurora,IL-Chicago,IL",2140.0
1831,16974,1962,"Aurora,IL-Chicago,IL",2120.0
1832,16974,1963,"Aurora,IL-Chicago,IL",2220.0
1833,16974,1964,"Aurora,IL-Chicago,IL",3020.0
1834,16974,1965,"Aurora,IL-Chicago,IL",2320.0
1835,16974,1966,"Aurora,IL-Chicago,IL",2720.0
1836,16974,1967,"Aurora,IL-Chicago,IL",2820.0
1837,16974,1968,"Aurora,IL-Chicago,IL",4220.0
1838,16974,1969,"Aurora,IL-Chicago,IL",4480.0
1839,16974,1970,"Aurora,IL-Chicago,IL",5020.0
1840,16974,1971,"Aurora,IL-Chicago,IL",3660.0
1841,16974,1972,"Aurora,IL-Chicago,IL",3660.0
1842,16974,1973,"Aurora,IL-Chicago,IL",6980.0
1843,16974,1974,"Aurora,IL-Chicago,IL",6520.0
1844,16974,1975,"Aurora,IL-Chicago,IL",6660.0
1845,16974,1976,"Aurora,IL-Chicago,IL",6920.0
1846,16974,1977,"Aurora,IL-Chicago,IL",6240.0
1847,16974,1978,"Aurora,IL-Chicago,IL",7500.0
1848,16974,1979,"Aurora,IL-Chicago,IL",8380.0
1849,16974,1980,"Aurora,IL-Chicago,IL",9680.0
1850,16974,1981,"Aurora,IL-Chicago,IL",9060.0
1851,16974,1982,"Aurora,IL-Chicago,IL",8940.0
1852,16974,1983,"Aurora,IL-Chicago,IL",5500.0
1853,16974,1984,"Aurora,IL-Chicago,IL",7240.0
1854,16974,1985,"Aurora,IL-Chicago,IL",6700.0
1855,16974,1986,"Aurora,IL-Chicago,IL",7720.0
1856,16974,1987,"Aurora,IL-Chicago,IL",7360.0
1857,16974,1988,"Aurora,IL-Chicago,IL",8300.0
1858,16974,1989,"Aurora,IL-Chicago,IL",7740.0
1859,16974,1990,"Aurora,IL-Chicago,IL",9860.0
1860,16974,1991,"Aurora,IL-Chicago,IL",10960.0
1861,16974,1992,"Aurora,IL-Chicago,IL",8660.0
1862,16974,1993,"Aurora,IL-Chicago,IL",7460.0
1863,16974,1994,"Aurora,IL-Chicago,IL",6920.0
1864,16974,1995,"Aurora,IL-Chicago,IL",6260.0
1865,16974,1996,"Aurora,IL-Chicago,IL",5140.0
1866,16974,1997,"Aurora,IL-Chicago,IL",5200.0
1867,16974,1998,"Aurora,IL-Chicago,IL",5040.0
1868,16974,1999,"Aurora,IL-Chicago,IL",4600.0
1869,16974,2000,"Aurora,IL-Chicago,IL",5400.0
1870,16974,2001,"Aurora,IL-Chicago,IL",5680.0
1871,16974,2002,"Aurora,IL-Chicago,IL",5340.0
1872,16974,2003,"Aurora,IL-Chicago,IL",5500.0
1873,16974,2004,"Aurora,IL-Chicago,IL",6020.0
1874,16974,2005,"Aurora,IL-Chicago,IL",5260.0
1875,16974,2006,"Aurora,IL-Chicago,IL",4820.0
1876,16974,2007,"Aurora,IL-Chicago,IL",4760.0
1877,16974,2008,"Aurora,IL-Chicago,IL",4740.0
1878,16974,2009,"Aurora,IL-Chicago,IL",4380.0
1879,16974,2010,"Aurora,IL-Chicago,IL",3960.0
